B01003_001E,state,county,tract
2308,36,001,000100
5506,36,001,000200
6471,36,001,000300
2211,36,001,000401
4672,36,001,000403
5129,36,001,000404
3247,36,001,000501
3914,36,001,000502
3694,36,001,000600
4237,36,001,000700
2236,36,001,000800
1454,36,001,001100
3742,36,001,001400
4198,36,001,001500
3851,36,001,001600
4070,36,001,001700
6749,36,001,001801
4151,36,001,001802
2709,36,001,001901
2772,36,001,001902
5247,36,001,002000
2877,36,001,002100
2398,36,001,002200
1936,36,001,002300
2394,36,001,002500
5778,36,001,002600
2580,36,001,012700
3574,36,001,012800
3015,36,001,012900
6947,36,001,013000
2565,36,001,013100
3857,36,001,013200
4189,36,001,013300
2267,36,001,013400
4003,36,001,013503
2662,36,001,013505
6290,36,001,013506
3419,36,001,013507
6601,36,001,013508
8595,36,001,013601
4099,36,001,013602
3486,36,001,013703
6517,36,001,013705
2188,36,001,013706
5911,36,001,013707
7034,36,001,013801
4319,36,001,013802
2580,36,001,013901
5259,36,001,013902
4155,36,001,014001
4414,36,001,014002
5115,36,001,014100
5886,36,001,014201
5866,36,001,014202
5675,36,001,014203
2980,36,001,014301
7865,36,001,014302
4280,36,001,014401
3316,36,001,014402
2422,36,001,014501
3453,36,001,014502
2795,36,001,014503
3692,36,001,014606
8572,36,001,014607
4017,36,001,014608
4612,36,001,014609
1748,36,001,014611
1618,36,001,014612
2676,36,001,014613
5740,36,001,014614
2472,36,001,014615
2682,36,001,014700
2808,36,001,014801
1873,36,001,014802
3392,36,001,014803
0,36,003,940200
2617,36,003,950100
4994,36,003,950300
3422,36,003,950400
4030,36,003,950500
3692,36,003,950600
4081,36,003,950700
6288,36,003,950800
4064,36,003,950900
3338,36,003,951000
3584,36,003,951100
5126,36,003,951200
3869,36,003,951300
11517,36,005,000100
4286,36,005,000200
4893,36,005,000400
5140,36,005,001600
2142,36,005,001900
8802,36,005,002000
5036,36,005,002300
0,36,005,002400
4934,36,005,002500
3063,36,005,002701
4764,36,005,002702
5755,36,005,002800
1227,36,005,003100
3498,36,005,003300
3729,36,005,003500
201,36,005,003700
1694,36,005,003800
6952,36,005,003900
1391,36,005,004001
6116,36,005,004100
6973,36,005,004200
4647,36,005,004300
4401,36,005,004400
1557,36,005,004600
3954,36,005,004800
4729,36,005,005001
5306,36,005,005002
5361,36,005,005100
1707,36,005,005200
3640,36,005,005300
6323,36,005,005400
2267,36,005,005600
2397,36,005,005902
1317,36,005,006000
3266,36,005,006100
6578,36,005,006200
5537,36,005,006300
3722,36,005,006400
5228,36,005,006500
7535,36,005,006700
2671,36,005,006800
5582,36,005,006900
4313,36,005,007000
2221,36,005,007100
5777,36,005,007200
3526,36,005,007300
3773,36,005,007400
4277,36,005,007500
5589,36,005,007600
1748,36,005,007700
6102,36,005,007800
5930,36,005,007900
6159,36,005,008300
2508,36,005,008400
5541,36,005,008500
3835,36,005,008600
6294,36,005,008700
3057,36,005,008900
3747,36,005,009000
5419,36,005,009200
6667,36,005,009300
2302,36,005,009600
5145,36,005,009800
113,36,005,011000
4663,36,005,011502
1336,36,005,011700
4690,36,005,011800
5310,36,005,011900
2775,36,005,012101
1410,36,005,012102
3024,36,005,012300
3180,36,005,012500
2376,36,005,012701
2952,36,005,012901
1134,36,005,013000
4769,36,005,013100
6135,36,005,013200
6370,36,005,013300
3256,36,005,013500
3182,36,005,013800
2247,36,005,014100
565,36,005,014300
5184,36,005,014400
5728,36,005,014500
5544,36,005,014701
5087,36,005,014702
3768,36,005,014900
5309,36,005,015100
2136,36,005,015200
3779,36,005,015300
3494,36,005,015500
3102,36,005,015700
1261,36,005,015800
2942,36,005,015900
3572,36,005,016000
4253,36,005,016100
1605,36,005,016200
416,36,005,016300
1040,36,005,016400
1219,36,005,016500
2416,36,005,016600
1910,36,005,016700
2174,36,005,016900
0,36,005,017100
5437,36,005,017300
6529,36,005,017500
3867,36,005,017701
4269,36,005,017702
5244,36,005,017901
3476,36,005,017902
3088,36,005,018101
5364,36,005,018102
4276,36,005,018301
3638,36,005,018302
3828,36,005,018400
6033,36,005,018500
8051,36,005,018900
5311,36,005,019300
1842,36,005,019400
6680,36,005,019500
8092,36,005,019700
7958,36,005,019900
4836,36,005,020000
4051,36,005,020100
2029,36,005,020200
2916,36,005,020400
6995,36,005,020501
1988,36,005,020502
2957,36,005,020601
4199,36,005,020900
8575,36,005,021001
7148,36,005,021002
4700,36,005,021100
5721,36,005,021200
1331,36,005,021301
5104,36,005,021302
3283,36,005,021501
6000,36,005,021502
3684,36,005,021601
5636,36,005,021602
5663,36,005,021700
6158,36,005,021800
1346,36,005,021900
1081,36,005,022000
3731,36,005,022101
5854,36,005,022102
2894,36,005,022200
5618,36,005,022300
2704,36,005,022401
3302,36,005,022403
4360,36,005,022404
8574,36,005,022500
5293,36,005,022701
1662,36,005,022702
1504,36,005,022703
6204,36,005,022800
5619,36,005,022901
3222,36,005,022902
2979,36,005,023000
1227,36,005,023100
2512,36,005,023200
4397,36,005,023301
2839,36,005,023302
3590,36,005,023501
4682,36,005,023502
1760,36,005,023600
1105,36,005,023702
5717,36,005,023703
3865,36,005,023704
2380,36,005,023800
7639,36,005,023900
4162,36,005,024000
5818,36,005,024100
5541,36,005,024300
2256,36,005,024400
5092,36,005,024501
4375,36,005,024502
2047,36,005,024600
2199,36,005,024700
3656,36,005,024800
0,36,005,024900
2487,36,005,025000
7658,36,005,025100
2565,36,005,025200
5913,36,005,025300
1707,36,005,025400
6828,36,005,025500
1542,36,005,025600
2034,36,005,025700
3589,36,005,026100
6616,36,005,026300
5694,36,005,026400
6847,36,005,026500
3148,36,005,026601
4824,36,005,026602
4008,36,005,026701
6442,36,005,026702
3496,36,005,026900
7891,36,005,027300
4708,36,005,027401
3298,36,005,027402
0,36,005,027600
5312,36,005,027700
7688,36,005,027900
4106,36,005,028100
2708,36,005,028300
831,36,005,028400
3013,36,005,028500
1219,36,005,028600
3409,36,005,028700
3319,36,005,028800
4743,36,005,028900
1725,36,005,029301
4971,36,005,029302
4139,36,005,029500
2537,36,005,029600
3358,36,005,029700
5819,36,005,030000
1203,36,005,030100
10362,36,005,030200
5646,36,005,030701
3273,36,005,030900
4978,36,005,031000
1720,36,005,031200
2077,36,005,031400
2284,36,005,031600
2314,36,005,031800
1395,36,005,031900
5112,36,005,032300
3018,36,005,032400
3332,36,005,032600
3937,36,005,032800
5563,36,005,033000
3181,36,005,033201
3665,36,005,033202
889,36,005,033400
2041,36,005,033500
6026,36,005,033600
2559,36,005,033700
3749,36,005,033800
4426,36,005,034000
1714,36,005,034200
1751,36,005,034300
1597,36,005,034400
3665,36,005,034500
6464,36,005,034800
1759,36,005,035000
3198,36,005,035100
2194,36,005,035600
8030,36,005,035800
1671,36,005,035900
3137,36,005,036000
5313,36,005,036100
7815,36,005,036300
2992,36,005,036400
3960,36,005,036501
2129,36,005,036502
2078,36,005,036700
1905,36,005,036800
2226,36,005,036901
2169,36,005,036902
2448,36,005,037000
3858,36,005,037100
2410,36,005,037200
4609,36,005,037300
2886,36,005,037400
4193,36,005,037504
2602,36,005,037600
2698,36,005,037800
5553,36,005,037900
3991,36,005,038000
6222,36,005,038100
2746,36,005,038200
5028,36,005,038301
5303,36,005,038302
4521,36,005,038500
7567,36,005,038600
3240,36,005,038700
2752,36,005,038800
4687,36,005,038900
2661,36,005,039000
7129,36,005,039100
1761,36,005,039200
7904,36,005,039300
4431,36,005,039400
3295,36,005,039500
3820,36,005,039600
3697,36,005,039700
3202,36,005,039800
4958,36,005,039901
4932,36,005,039902
5288,36,005,040100
3826,36,005,040302
4197,36,005,040303
3246,36,005,040304
3388,36,005,040400
3217,36,005,040501
5928,36,005,040502
3185,36,005,040600
3692,36,005,040701
5908,36,005,040702
4126,36,005,040800
3702,36,005,040900
2464,36,005,041100
7708,36,005,041300
5043,36,005,041400
5190,36,005,041500
3873,36,005,041800
6146,36,005,041900
3592,36,005,042000
5899,36,005,042100
3176,36,005,042200
3733,36,005,042300
3069,36,005,042400
6933,36,005,042500
8117,36,005,042600
2173,36,005,042800
2969,36,005,042901
3587,36,005,042902
3216,36,005,043000
10174,36,005,043100
3927,36,005,043400
77,36,005,043500
2099,36,005,043600
3779,36,005,044200
4225,36,005,044400
2323,36,005,044800
1953,36,005,044901
1867,36,005,044902
1517,36,005,045101
1933,36,005,045102
3063,36,005,045600
7651,36,005,045800
2810,36,005,046000
25199,36,005,046201
7217,36,005,046202
3346,36,005,048400
0,36,005,050400
4204,36,005,051600
2788,36,007,000100
3450,36,007,000200
3320,36,007,000300
2456,36,007,000400
1822,36,007,000500
2285,36,007,000600
3910,36,007,000700
1673,36,007,000900
1493,36,007,001100
873,36,007,001200
3000,36,007,001300
3862,36,007,001400
4953,36,007,001500
2638,36,007,001600
4402,36,007,001700
4466,36,007,001800
5390,36,007,010200
2954,36,007,011901
2727,36,007,011902
2742,36,007,011903
1630,36,007,012000
3708,36,007,012101
4090,36,007,012102
3479,36,007,012103
2641,36,007,012201
4074,36,007,012202
5257,36,007,012300
2475,36,007,012400
6304,36,007,012500
5822,36,007,012600
5528,36,007,012701
4941,36,007,012702
5317,36,007,012800
1034,36,007,012900
4410,36,007,013000
2728,36,007,013100
2009,36,007,013201
3460,36,007,013202
4736,36,007,013301
2909,36,007,013303
6459,36,007,013304
4068,36,007,013400
1910,36,007,013500
3746,36,007,013600
3596,36,007,013700
3478,36,007,013800
2420,36,007,013900
3161,36,007,014000
3014,36,007,014100
3173,36,007,014200
5321,36,007,014301
9570,36,007,014302
4573,36,007,014400
3375,36,007,014500
5184,36,007,014600
345,36,009,940000
0,36,009,940200
6691,36,009,940300
3785,36,009,960100
4841,36,009,960200
4725,36,009,960300
4776,36,009,960400
5246,36,009,960500
3425,36,009,960600
2892,36,009,960702
4336,36,009,960800
4117,36,009,961000
3937,36,009,961100
3803,36,009,961200
5552,36,009,961300
4997,36,009,961400
2268,36,009,961500
4277,36,009,961600
3428,36,009,961700
4605,36,009,961800
2730,36,009,962200
5380,36,011,040100
5552,36,011,040200
3693,36,011,040300
4522,36,011,040400
2781,36,011,040500
3531,36,011,040600
3789,36,011,040700
4681,36,011,040800
3734,36,011,040900
5393,36,011,041000
4489,36,011,041100
5023,36,011,041200
4068,36,011,041300
4414,36,011,041400
3021,36,011,041500
2809,36,011,041600
4161,36,011,041700
4243,36,011,041800
5147,36,011,042100
0,36,011,990200
3854,36,013,030100
4158,36,013,030200
2151,36,013,030300
4577,36,013,030400
3371,36,013,030500
3987,36,013,030600
4749,36,013,030700
4339,36,013,030800
4753,36,013,035100
2648,36,013,035300
3041,36,013,035400
3009,36,013,035500
3262,36,013,035600
3298,36,013,035700
3708,36,013,035800
5142,36,013,035901
2850,36,013,035902
4767,36,013,036000
5182,36,013,036100
4925,36,013,036300
3058,36,013,036401
3497,36,013,036402
4938,36,013,036500
3046,36,013,036600
4449,36,013,036700
4423,36,013,036800
2908,36,013,036901
3758,36,013,036902
3543,36,013,037000
3839,36,013,037100
3267,36,013,037200
5504,36,013,037300
3805,36,013,037400
5004,36,013,037500
2453,36,013,037600
0,36,013,990000
2783,36,015,000100
2494,36,015,000200
1474,36,015,000300
2057,36,015,000400
3220,36,015,000500
4634,36,015,000600
2671,36,015,000700
3697,36,015,000900
3029,36,015,001000
3295,36,015,001100
3091,36,015,010100
5880,36,015,010200
7597,36,015,010300
3536,36,015,010400
2906,36,015,010500
3093,36,015,010600
7340,36,015,010700
3839,36,015,010800
4937,36,015,010900
4224,36,015,011000
7573,36,015,011100
5338,36,015,011200
6074,36,017,970100
4665,36,017,970200
3849,36,017,970300
3454,36,017,970400
5623,36,017,970500
4342,36,017,970601
4066,36,017,970602
2340,36,017,970700
3964,36,017,970801
3690,36,017,970802
5348,36,017,970900
3630,36,017,971000
5805,36,019,100100
4296,36,019,100200
6539,36,019,100300
7517,36,019,100400
5550,36,019,100600
3924,36,019,100700
4550,36,019,100800
4832,36,019,100900
4211,36,019,101000
3267,36,019,101100
3083,36,019,101300
1542,36,019,101400
1507,36,019,101600
5208,36,019,101700
5566,36,019,101800
6940,36,019,101900
3141,36,019,102000
1863,36,019,102100
3039,36,019,102200
2487,36,021,000100
2369,36,021,000200
4152,36,021,000300
2271,36,021,000401
6211,36,021,000402
2020,36,021,000500
2833,36,021,000600
5398,36,021,000700
1293,36,021,000800
1924,36,021,000900
6093,36,021,001000
4178,36,021,001100
3534,36,021,001200
3344,36,021,001300
3617,36,021,001400
977,36,021,001500
3571,36,021,001600
1437,36,021,001700
1824,36,021,001800
1950,36,021,001900
1758,36,021,002000
4081,36,023,970100
5888,36,023,970200
3269,36,023,970300
2827,36,023,970400
3780,36,023,970500
2891,36,023,970600
4533,36,023,970700
3004,36,023,970800
5049,36,023,970900
5619,36,023,971000
4583,36,023,971100
3928,36,023,971200
4526,36,025,970100
3304,36,025,970200
2369,36,025,970300
5864,36,025,970400
4562,36,025,970500
5603,36,025,970600
2173,36,025,970700
4520,36,025,970800
553,36,025,970900
2855,36,025,971000
2493,36,025,971100
3806,36,025,971200
2310,36,025,971300
3282,36,025,971400
4404,36,027,010000
4488,36,027,020003
2609,36,027,020004
5218,36,027,020005
4286,36,027,030000
4873,36,027,040001
3843,36,027,040003
3446,36,027,050102
5389,36,027,050103
6658,36,027,050104
4698,36,027,050203
3183,36,027,050204
5212,36,027,050205
4272,36,027,060100
3155,36,027,060201
3743,36,027,060202
4639,36,027,060301
2058,36,027,060302
2077,36,027,060400
4217,36,027,070101
3788,36,027,070102
3005,36,027,070201
6424,36,027,070301
4167,36,027,070401
4382,36,027,080103
4109,36,027,080104
4525,36,027,080201
2672,36,027,080202
2534,36,027,090000
3029,36,027,100000
3911,36,027,110003
2066,36,027,110004
2369,36,027,110005
2347,36,027,120000
5131,36,027,130003
1687,36,027,130004
2807,36,027,130005
6361,36,027,140101
6414,36,027,140200
6098,36,027,140300
5200,36,027,140400
2816,36,027,140500
2880,36,027,140602
6217,36,027,140700
2392,36,027,140801
3644,36,027,150003
3212,36,027,150004
2494,36,027,150005
1875,36,027,150006
2604,36,027,160003
2299,36,027,160004
2749,36,027,160005
3793,36,027,170000
4834,36,027,180001
4063,36,027,190101
1980,36,027,190102
2578,36,027,190203
5117,36,027,190204
3293,36,027,190301
2256,36,027,190401
3286,36,027,190402
3134,36,027,200001
1634,36,027,200002
5295,36,027,210101
4708,36,027,210201
4620,36,027,210301
3997,36,027,220100
3276,36,027,220201
5572,36,027,220300
2699,36,027,220700
4398,36,027,220801
4546,36,027,220901
4505,36,027,221001
3448,36,027,221100
5475,36,027,300000
4114,36,027,410000
2212,36,027,610000
684,36,027,640001
1959,36,027,640002
2733,36,029,000110
4137,36,029,000200
2090,36,029,000500
5238,36,029,000600
3780,36,029,000700
5132,36,029,000800
2358,36,029,000900
6242,36,029,001000
2673,36,029,001100
3786,36,029,001402
1321,36,029,001500
2129,36,029,001600
2047,36,029,001700
3014,36,029,001900
3522,36,029,002300
3826,36,029,002400
1765,36,029,002502
2712,36,029,002702
2490,36,029,002800
2725,36,029,002900
3001,36,029,003000
2721,36,029,003100
3863,36,029,003301
3055,36,029,003302
3065,36,029,003400
3320,36,029,003500
2441,36,029,003600
4412,36,029,003700
3091,36,029,003800
873,36,029,003901
4134,36,029,004001
4726,36,029,004100
3539,36,029,004200
5649,36,029,004300
3924,36,029,004401
2915,36,029,004402
5587,36,029,004500
3484,36,029,004601
1212,36,029,004602
7462,36,029,004700
4044,36,029,004800
6084,36,029,004900
2552,36,029,005000
3996,36,029,005100
3138,36,029,005201
2968,36,029,005202
1292,36,029,005300
3885,36,029,005400
4110,36,029,005500
3575,36,029,005600
3137,36,029,005700
3277,36,029,005801
4022,36,029,005802
3870,36,029,005900
4478,36,029,006100
2471,36,029,006201
4841,36,029,006301
2602,36,029,006302
2797,36,029,006501
2914,36,029,006601
2105,36,029,006602
4102,36,029,006701
3285,36,029,006702
3622,36,029,006800
3533,36,029,006901
3973,36,029,006902
3510,36,029,007000
4257,36,029,007101
2843,36,029,007102
1276,36,029,007202
7871,36,029,007302
6908,36,029,007303
5195,36,029,007304
2964,36,029,007600
4806,36,029,007700
5072,36,029,007800
3151,36,029,007901
5886,36,029,007902
3493,36,029,007903
3045,36,029,007904
4771,36,029,007905
5697,36,029,008001
5523,36,029,008002
5364,36,029,008003
5899,36,029,008101
4648,36,029,008102
2268,36,029,008201
3712,36,029,008202
2886,36,029,008300
2203,36,029,008400
2559,36,029,008500
4604,36,029,008600
4625,36,029,008700
3757,36,029,008800
4182,36,029,008900
3546,36,029,009004
7547,36,029,009006
7978,36,029,009007
4656,36,029,009008
4865,36,029,009009
5462,36,029,009010
4135,36,029,009104
2992,36,029,009106
4509,36,029,009107
3056,36,029,009109
5164,36,029,009110
2848,36,029,009112
6857,36,029,009113
3785,36,029,009114
2945,36,029,009115
5156,36,029,009116
4589,36,029,009200
5383,36,029,009301
2782,36,029,009302
5647,36,029,009401
4473,36,029,009402
5147,36,029,009501
7141,36,029,009502
6100,36,029,009600
3355,36,029,009701
4533,36,029,009702
1581,36,029,009800
3671,36,029,009900
2623,36,029,010001
4172,36,029,010002
4027,36,029,010003
4501,36,029,010101
3607,36,029,010102
4029,36,029,010103
3023,36,029,010201
3758,36,029,010202
1254,36,029,010300
1988,36,029,010400
2449,36,029,010500
2525,36,029,010600
2808,36,029,010700
2131,36,029,010803
3858,36,029,010804
5332,36,029,010805
5130,36,029,010807
4054,36,029,010808
3309,36,029,010809
2611,36,029,010901
4615,36,029,010902
1951,36,029,011000
2000,36,029,011100
7139,36,029,011200
4735,36,029,011300
2284,36,029,011400
1512,36,029,011500
1867,36,029,011600
4196,36,029,011700
3546,36,029,011800
4035,36,029,012001
3356,36,029,012002
4935,36,029,012003
3107,36,029,012300
2071,36,029,012400
4362,36,029,012501
2020,36,029,012502
2568,36,029,012800
7095,36,029,012901
3645,36,029,012902
3123,36,029,013001
4933,36,029,013002
6401,36,029,013101
7845,36,029,013102
6001,36,029,013201
5064,36,029,013202
3439,36,029,013300
6473,36,029,013400
6856,36,029,013501
7153,36,029,013502
3048,36,029,013600
6214,36,029,013701
5411,36,029,013702
7661,36,029,013800
2323,36,029,013900
3779,36,029,014000
6046,36,029,014101
5184,36,029,014102
3361,36,029,014204
6839,36,029,014206
5258,36,029,014207
4834,36,029,014208
4267,36,029,014209
6134,36,029,014300
4315,36,029,014400
3579,36,029,014501
2406,36,029,014502
4893,36,029,014601
4578,36,029,014603
7401,36,029,014604
5170,36,029,014701
7693,36,029,014702
2617,36,029,014801
5901,36,029,014803
2602,36,029,014901
7548,36,029,014903
637,36,029,014904
5374,36,029,015001
2973,36,029,015002
3430,36,029,015003
3258,36,029,015101
2746,36,029,015102
3159,36,029,015201
4805,36,029,015202
5028,36,029,015301
2693,36,029,015302
2689,36,029,015401
5437,36,029,015402
2037,36,029,015501
2405,36,029,015503
3949,36,029,015504
2014,36,029,015600
3491,36,029,015700
4213,36,029,015800
4271,36,029,015900
2807,36,029,016100
2652,36,029,016200
2738,36,029,016300
3166,36,029,016400
1152,36,029,016500
2859,36,029,016600
2553,36,029,016700
3649,36,029,016800
4022,36,029,016900
2925,36,029,017000
4195,36,029,017100
2407,36,029,017200
7114,36,029,017300
4027,36,029,017400
1512,36,029,017501
2601,36,029,017502
1872,36,029,940000
19,36,029,940100
0,36,029,990000
2410,36,031,960100
2480,36,031,960200
2472,36,031,960300
2827,36,031,960498
6127,36,031,960598
1901,36,031,960700
1785,36,031,960800
3739,36,031,960900
4837,36,031,961000
2072,36,031,961100
5077,36,031,961200
2408,36,031,961300
1281,36,031,961400
3134,36,033,940000
4418,36,033,950100
4125,36,033,950200
6204,36,033,950300
4681,36,033,950400
3607,36,033,950501
6457,36,033,950502
1986,36,033,950600
2488,36,033,950700
2890,36,033,950800
3360,36,033,950900
2340,36,033,951000
3900,36,033,951100
2107,36,033,951200
2687,36,035,970100
2843,36,035,970200
3652,36,035,970300
1979,36,035,970400
4001,36,035,970500
7130,36,035,970600
3561,36,035,970700
2872,36,035,970800
3993,36,035,970900
2537,36,035,971000
2657,36,035,971100
4176,36,035,971200
4535,36,035,971300
3645,36,035,971400
5229,36,035,971500
530,36,037,940100
5489,36,037,950100
5924,36,037,950200
6093,36,037,950300
6619,36,037,950400
2889,36,037,950500
2207,36,037,950600
2532,36,037,950700
3427,36,037,950800
2447,36,037,950900
2084,36,037,951000
5080,36,037,951100
4915,36,037,951200
4078,36,037,951300
5638,36,037,951400
3383,36,039,080100
3701,36,039,080201
2720,36,039,080202
3027,36,039,080300
2753,36,039,080401
2190,36,039,080402
2324,36,039,080501
4340,36,039,080502
2945,36,039,080600
3037,36,039,080700
2991,36,039,080800
4105,36,039,080900
4647,36,039,081000
3717,36,039,081101
3530,36,039,081102
1226,36,041,950100
1327,36,041,950300
1421,36,041,950400
934,36,041,950500
6371,36,043,010100
3647,36,043,010201
3926,36,043,010202
5349,36,043,010300
3376,36,043,010400
2769,36,043,010501
1798,36,043,010502
2911,36,043,010701
2064,36,043,010702
3469,36,043,010900
2080,36,043,011001
3152,36,043,011002
2562,36,043,011100
5796,36,043,011200
1762,36,043,011301
3395,36,043,011302
4860,36,043,011400
3093,36,043,011501
1952,36,043,011502
4158,36,045,060100
7402,36,045,060200
3998,36,045,060300
6323,36,045,060400
5258,36,045,060500
6776,36,045,060600
4270,36,045,060700
7369,36,045,060803
4987,36,045,060804
6366,36,045,060900
3937,36,045,061000
6267,36,045,061100
3641,36,045,061200
2532,36,045,061300
3672,36,045,061400
3767,36,045,061500
4036,36,045,061600
2480,36,045,061700
7150,36,045,061800
3496,36,045,061900
4977,36,045,062100
4668,36,045,062200
4198,36,045,062400
3341,36,045,062500
0,36,045,980000
0,36,045,990001
4576,36,047,000100
1014,36,047,000200
4835,36,047,000301
3377,36,047,000501
2722,36,047,000502
3479,36,047,000700
4266,36,047,000900
158,36,047,001100
2236,36,047,001300
2246,36,047,001500
2440,36,047,001800
1611,36,047,002000
2880,36,047,002100
5181,36,047,002200
4043,36,047,002300
2795,36,047,002901
1873,36,047,003000
2715,36,047,003100
2352,36,047,003300
3065,36,047,003400
1437,36,047,003500
4201,36,047,003600
220,36,047,003700
1515,36,047,003800
2134,36,047,003900
4062,36,047,004100
3329,36,047,004300
2426,36,047,004400
3609,36,047,004500
1074,36,047,004600
1185,36,047,004700
2883,36,047,004900
2483,36,047,005000
2304,36,047,005100
1856,36,047,005201
2486,36,047,005202
2037,36,047,005300
3184,36,047,005400
2687,36,047,005601
1595,36,047,005602
3500,36,047,005800
1199,36,047,005900
2363,36,047,006000
2872,36,047,006200
1817,36,047,006300
3922,36,047,006400
5262,36,047,006500
3478,36,047,006600
3184,36,047,006700
4774,36,047,006800
3347,36,047,006900
2714,36,047,007000
4544,36,047,007100
1774,36,047,007200
5582,36,047,007400
4922,36,047,007500
4389,36,047,007600
4719,36,047,007700
5728,36,047,007800
3816,36,047,008000
4722,36,047,008200
3793,36,047,008400
7737,36,047,008500
0,36,047,008600
3007,36,047,008800
2820,36,047,009000
5106,36,047,009200
4939,36,047,009400
6615,36,047,009600
6569,36,047,009800
6360,36,047,010000
4211,36,047,010100
5461,36,047,010200
5380,36,047,010400
6054,36,047,010600
5148,36,047,010800
2320,36,047,011000
5779,36,047,011200
4286,36,047,011400
4377,36,047,011600
2613,36,047,011700
2426,36,047,011800
1635,36,047,011900
1542,36,047,012000
1800,36,047,012100
5230,36,047,012200
2880,36,047,012600
3559,36,047,012700
2045,36,047,012801
2275,36,047,012901
2146,36,047,012902
5291,36,047,013000
4227,36,047,013100
1769,36,047,013200
3759,36,047,013300
3935,36,047,013400
3466,36,047,013500
3785,36,047,013600
3835,36,047,013700
3452,36,047,013800
4198,36,047,013900
2064,36,047,014000
2939,36,047,014100
2870,36,047,014200
3308,36,047,014300
4111,36,047,014500
2146,36,047,014700
1282,36,047,014800
5370,36,047,014900
1737,36,047,015000
3751,36,047,015100
2369,36,047,015200
2601,36,047,015300
0,36,047,015400
3562,36,047,015500
3810,36,047,015700
5817,36,047,015900
3982,36,047,016000
3068,36,047,016100
2225,36,047,016200
3341,36,047,016300
744,36,047,016400
4873,36,047,016500
2013,36,047,016600
5073,36,047,016700
1532,36,047,016800
4593,36,047,016900
3286,36,047,017000
3941,36,047,017100
2891,36,047,017200
1694,36,047,017400
22,36,047,017500
1765,36,047,017600
0,36,047,017700
2422,36,047,017800
3782,36,047,017900
2807,36,047,018000
4124,36,047,018100
2771,36,047,018200
2423,36,047,018300
1765,36,047,018400
2736,36,047,018501
1660,36,047,018600
1707,36,047,018700
2912,36,047,018800
4741,36,047,019000
2279,36,047,019100
2237,36,047,019200
6218,36,047,019300
3869,36,047,019400
3733,36,047,019500
4622,36,047,019600
3271,36,047,019700
1778,36,047,019800
3141,36,047,019900
2284,36,047,020000
3228,36,047,020100
2055,36,047,020200
1610,36,047,020300
1666,36,047,020400
2686,36,047,020500
2199,36,047,020600
5504,36,047,020700
2656,36,047,020800
3897,36,047,021000
1322,36,047,021100
4211,36,047,021200
4655,36,047,021300
2183,36,047,021400
5246,36,047,021500
3632,36,047,021600
3614,36,047,021700
4220,36,047,021800
3828,36,047,021900
4950,36,047,022000
3711,36,047,022100
3606,36,047,022200
5291,36,047,022400
2443,36,047,022600
3017,36,047,022700
3488,36,047,022800
3209,36,047,022900
4401,36,047,023000
3204,36,047,023100
6469,36,047,023200
4835,36,047,023300
5050,36,047,023400
2892,36,047,023500
5057,36,047,023600
4594,36,047,023800
4367,36,047,024000
1993,36,047,024100
2713,36,047,024200
3668,36,047,024300
3526,36,047,024400
3899,36,047,024500
3320,36,047,024600
2056,36,047,024700
2291,36,047,024800
4144,36,047,024900
2042,36,047,025000
3857,36,047,025100
5622,36,047,025200
2184,36,047,025300
3453,36,047,025400
5547,36,047,025500
3217,36,047,025600
1674,36,047,025700
4878,36,047,025800
1627,36,047,025901
3998,36,047,025902
3462,36,047,026000
4327,36,047,026100
2481,36,047,026200
1795,36,047,026300
3840,36,047,026400
3943,36,047,026500
3428,36,047,026600
4387,36,047,026700
4021,36,047,026800
2487,36,047,026900
1750,36,047,027000
2729,36,047,027100
3039,36,047,027200
3337,36,047,027300
2593,36,047,027400
3961,36,047,027500
3435,36,047,027600
3362,36,047,027700
2694,36,047,027800
3310,36,047,027900
1602,36,047,028000
4218,36,047,028100
2596,36,047,028200
3298,36,047,028300
3434,36,047,028400
808,36,047,028501
3254,36,047,028502
4375,36,047,028600
3243,36,047,028700
2716,36,047,028800
3387,36,047,028900
3327,36,047,029000
2885,36,047,029100
1724,36,047,029200
3163,36,047,029300
2151,36,047,029400
3542,36,047,029500
3944,36,047,029600
3553,36,047,029700
3608,36,047,029800
1960,36,047,029900
3617,36,047,030000
2457,36,047,030100
3935,36,047,030200
4491,36,047,030300
4099,36,047,030400
5511,36,047,030500
2257,36,047,030600
4406,36,047,030700
1741,36,047,030800
1623,36,047,030900
2559,36,047,031100
4204,36,047,031300
4196,36,047,031400
4804,36,047,031500
3667,36,047,031701
3239,36,047,031702
3373,36,047,031900
5690,36,047,032100
3675,36,047,032300
6217,36,047,032500
7224,36,047,032600
3237,36,047,032700
3355,36,047,032800
5050,36,047,032900
4355,36,047,033000
4277,36,047,033100
4416,36,047,033300
2922,36,047,033500
4386,36,047,033600
4159,36,047,033700
4197,36,047,033900
2819,36,047,034000
2709,36,047,034100
5736,36,047,034200
4873,36,047,034300
1764,36,047,034500
3324,36,047,034700
2005,36,047,034800
6103,36,047,034900
2914,36,047,035000
4598,36,047,035100
1112,36,047,035200
5211,36,047,035300
5064,36,047,035400
5011,36,047,035500
2857,36,047,035601
5124,36,047,035602
1880,36,047,035700
5425,36,047,035900
2879,36,047,036001
3482,36,047,036002
2330,36,047,036100
3707,36,047,036200
3486,36,047,036300
2376,36,047,036400
2133,36,047,036501
1066,36,047,036502
3915,36,047,036600
1030,36,047,036700
4684,36,047,036900
4128,36,047,037000
4060,36,047,037100
3997,36,047,037300
4420,36,047,037401
3836,36,047,037402
2905,36,047,037500
3469,36,047,037700
4027,36,047,037900
4318,36,047,038100
5462,36,047,038200
3178,36,047,038300
3255,36,047,038500
2988,36,047,038600
3616,36,047,038700
3054,36,047,038800
2493,36,047,038900
1918,36,047,039000
2794,36,047,039100
2229,36,047,039200
3102,36,047,039300
2362,36,047,039400
3636,36,047,039500
1724,36,047,039600
3238,36,047,039700
2205,36,047,039800
4059,36,047,039900
2804,36,047,040000
3517,36,047,040100
2552,36,047,040200
3304,36,047,040300
2591,36,047,040400
1832,36,047,040500
3134,36,047,040600
0,36,047,040700
3274,36,047,040800
3372,36,047,040900
1615,36,047,041000
2832,36,047,041100
2948,36,047,041200
3315,36,047,041300
1132,36,047,041401
1675,36,047,041402
3482,36,047,041500
2605,36,047,041600
3538,36,047,041700
1760,36,047,041800
3565,36,047,041900
1768,36,047,042000
3601,36,047,042100
2879,36,047,042200
3125,36,047,042300
3335,36,047,042400
2432,36,047,042500
4020,36,047,042600
6366,36,047,042700
3856,36,047,042800
6010,36,047,042900
3432,36,047,043000
5441,36,047,043100
4035,36,047,043200
4393,36,047,043300
3678,36,047,043400
4835,36,047,043500
4354,36,047,043600
4724,36,047,043700
2699,36,047,043800
3461,36,047,043900
2720,36,047,044000
6648,36,047,044100
2628,36,047,044200
6196,36,047,044300
3061,36,047,044400
4822,36,047,044500
1826,36,047,044600
1880,36,047,044700
1762,36,047,044800
2581,36,047,044900
758,36,047,045000
2546,36,047,045200
1822,36,047,045300
1525,36,047,045400
2245,36,047,045600
1367,36,047,045800
3213,36,047,046000
2359,36,047,046201
1894,36,047,046202
3154,36,047,046400
1570,36,047,046800
3592,36,047,047000
3212,36,047,047200
2876,36,047,047400
3349,36,047,047600
2694,36,047,047700
5199,36,047,047800
3743,36,047,048000
2619,36,047,048100
5709,36,047,048200
4615,36,047,048400
2399,36,047,048500
3492,36,047,048600
4503,36,047,048800
4244,36,047,048900
6602,36,047,049000
6049,36,047,049100
2942,36,047,049200
7777,36,047,049300
6094,36,047,049400
2564,36,047,049500
4243,36,047,049600
2649,36,047,049700
4343,36,047,049800
1515,36,047,049900
3893,36,047,050000
2678,36,047,050100
2462,36,047,050202
2574,36,047,050300
5095,36,047,050400
3686,36,047,050500
6220,36,047,050600
1684,36,047,050700
3897,36,047,050801
2810,36,047,050803
6026,36,047,050804
3673,36,047,050900
3870,36,047,051001
3733,36,047,051002
3899,36,047,051100
6702,36,047,051200
4520,36,047,051300
7620,36,047,051400
1188,36,047,051500
5855,36,047,051601
3279,36,047,051602
1459,36,047,051700
3401,36,047,051800
3211,36,047,051900
4332,36,047,052000
5369,36,047,052300
3244,36,047,052500
3907,36,047,052600
6941,36,047,052700
1927,36,047,052800
3895,36,047,052900
3255,36,047,053000
6509,36,047,053100
2663,36,047,053200
7490,36,047,053300
3952,36,047,053400
4280,36,047,053500
3665,36,047,053700
4725,36,047,053800
3153,36,047,053900
4352,36,047,054200
127,36,047,054300
3557,36,047,054400
8475,36,047,054500
4282,36,047,054600
4881,36,047,054700
2002,36,047,054800
3010,36,047,054900
3246,36,047,055000
4346,36,047,055100
3383,36,047,055200
2409,36,047,055300
3378,36,047,055400
1638,36,047,055500
3616,36,047,055600
1404,36,047,055700
2304,36,047,055800
3054,36,047,056000
3066,36,047,056100
1764,36,047,056200
4090,36,047,056300
1668,36,047,056400
3053,36,047,056500
2603,36,047,056600
1319,36,047,056800
1565,36,047,056900
3047,36,047,057000
4324,36,047,057100
4808,36,047,057200
2085,36,047,057300
2829,36,047,057400
3502,36,047,057500
3134,36,047,057600
3170,36,047,057800
1138,36,047,057900
3857,36,047,058000
2582,36,047,058200
3183,36,047,058400
2409,36,047,058600
3300,36,047,058800
1750,36,047,058900
1822,36,047,059000
3907,36,047,059100
4104,36,047,059200
1520,36,047,059300
7107,36,047,059401
4624,36,047,059402
2295,36,047,059600
3172,36,047,059800
6000,36,047,060000
2802,36,047,060600
2847,36,047,060800
3788,36,047,061002
1289,36,047,061003
5207,36,047,061004
1120,36,047,061200
1709,36,047,061600
1804,36,047,062000
2832,36,047,062200
2411,36,047,062600
5063,36,047,062800
1474,36,047,063200
1210,36,047,063600
1627,36,047,063800
1814,36,047,064000
2645,36,047,064200
2362,36,047,064400
2261,36,047,064600
2078,36,047,064800
1461,36,047,065000
1415,36,047,065200
1714,36,047,065400
1884,36,047,065600
2153,36,047,065800
1692,36,047,066000
1394,36,047,066200
0,36,047,066600
2971,36,047,067000
1622,36,047,067200
2347,36,047,067400
2270,36,047,067600
2673,36,047,067800
2036,36,047,068000
2903,36,047,068200
1332,36,047,068600
1636,36,047,068800
1519,36,047,069000
2379,36,047,069200
4683,36,047,069601
5996,36,047,069602
1271,36,047,069800
2031,36,047,070000
7060,36,047,070201
146,36,047,070202
0,36,047,070203
2739,36,047,070600
2225,36,047,072000
3178,36,047,072200
2171,36,047,072400
2707,36,047,072600
3710,36,047,072800
2428,36,047,073000
2735,36,047,073200
2236,36,047,073400
3072,36,047,073600
3773,36,047,073800
3568,36,047,074000
3416,36,047,074200
2230,36,047,074400
1688,36,047,074600
2026,36,047,074800
3068,36,047,075000
1121,36,047,075200
1386,36,047,075400
1819,36,047,075600
1892,36,047,075800
2980,36,047,076000
4183,36,047,076200
3761,36,047,076400
2270,36,047,076600
3220,36,047,076800
2655,36,047,077000
3855,36,047,077200
3028,36,047,077400
4264,36,047,077600
2641,36,047,078000
4133,36,047,078200
2963,36,047,078400
4389,36,047,078600
3204,36,047,078800
5628,36,047,079000
3694,36,047,079200
1844,36,047,079400
4154,36,047,079601
5557,36,047,079602
3520,36,047,079801
5338,36,047,079802
3659,36,047,080000
4037,36,047,080200
3131,36,047,080400
3244,36,047,080600
1157,36,047,080800
1875,36,047,081000
2892,36,047,081400
2522,36,047,081600
4821,36,047,081800
5474,36,047,082000
5792,36,047,082200
4562,36,047,082400
6291,36,047,082600
3573,36,047,082800
5822,36,047,083000
2507,36,047,083200
2184,36,047,083400
2297,36,047,083600
2599,36,047,083800
2573,36,047,084000
1777,36,047,084600
1934,36,047,084800
1556,36,047,085000
0,36,047,085200
1821,36,047,085400
3716,36,047,085600
2588,36,047,085800
3023,36,047,086000
3128,36,047,086200
2635,36,047,086400
3285,36,047,086600
2991,36,047,086800
2776,36,047,087000
2939,36,047,087200
3918,36,047,087401
1485,36,047,087600
3257,36,047,087800
2652,36,047,088000
6261,36,047,088200
5231,36,047,088400
4061,36,047,088600
4236,36,047,088800
6169,36,047,089000
3169,36,047,089200
3533,36,047,089400
3384,36,047,089600
1787,36,047,089800
5470,36,047,090000
3652,36,047,090200
3685,36,047,090600
2978,36,047,090800
5368,36,047,091000
6416,36,047,091200
4016,36,047,091600
2928,36,047,091800
2367,36,047,092000
2488,36,047,092200
2342,36,047,092400
2649,36,047,092800
2639,36,047,093000
1264,36,047,093200
2544,36,047,093400
2030,36,047,093600
2303,36,047,093800
3121,36,047,094401
2821,36,047,094402
1790,36,047,094600
2955,36,047,095000
4067,36,047,095400
4267,36,047,095600
2838,36,047,095800
0,36,047,096000
1489,36,047,096200
2422,36,047,096400
2454,36,047,096600
1583,36,047,096800
1548,36,047,097000
3262,36,047,097400
4288,36,047,098200
1966,36,047,098400
2972,36,047,098600
2933,36,047,098800
1618,36,047,099000
1620,36,047,099200
2009,36,047,099400
3614,36,047,099600
3535,36,047,099800
2605,36,047,100400
2560,36,047,100600
2328,36,047,100800
2425,36,047,101000
2419,36,047,101200
2355,36,047,101400
1613,36,047,101600
1699,36,047,101800
2244,36,047,102000
1895,36,047,102200
1866,36,047,102400
2935,36,047,102600
1757,36,047,102800
3292,36,047,103400
7408,36,047,105801
5817,36,047,105804
1124,36,047,107000
4368,36,047,107800
1660,36,047,109800
4921,36,047,110400
4423,36,047,110600
3306,36,047,111000
2530,36,047,111600
2885,36,047,111800
3652,36,047,112000
2814,36,047,112200
3665,36,047,112400
3850,36,047,112600
4073,36,047,112800
4408,36,047,113000
2068,36,047,113200
3142,36,047,113400
1364,36,047,114201
2251,36,047,114202
2262,36,047,114400
2317,36,047,114600
1922,36,047,115000
3163,36,047,115200
4347,36,047,115600
2789,36,047,115800
2254,36,047,116000
2180,36,047,116200
3013,36,047,116400
3114,36,047,116600
2230,36,047,116800
2191,36,047,117000
2148,36,047,117201
3498,36,047,117202
4508,36,047,117400
2981,36,047,117601
3716,36,047,117602
1910,36,047,117800
0,36,047,118000
3241,36,047,118201
3521,36,047,118202
5316,36,047,118400
3466,36,047,118600
4165,36,047,118800
2292,36,047,119000
2922,36,047,119200
3577,36,047,119400
4859,36,047,119600
3133,36,047,119800
2258,36,047,120000
1488,36,047,120200
8093,36,047,120800
4513,36,047,121000
3991,36,047,121400
5200,36,047,122000
5644,36,047,123700
2932,36,047,150200
3582,36,047,152200
0,36,047,990100
2624,36,049,950100
4915,36,049,950200
7503,36,049,950300
2770,36,049,950400
2311,36,049,950500
1872,36,049,950600
5022,36,049,950700
4320,36,051,030100
5194,36,051,030201
5911,36,051,030202
3341,36,051,030300
3346,36,051,030400
3029,36,051,030500
4375,36,051,030600
7742,36,051,030700
4451,36,051,030800
3600,36,051,030900
2095,36,051,031000
4936,36,051,031100
3898,36,051,031200
4515,36,051,031300
4688,36,051,031400
3136,36,053,030501
3874,36,053,030502
7064,36,053,030700
3636,36,053,030800
3716,36,053,030900
5809,36,053,031000
2530,36,053,031100
2789,36,053,940101
4544,36,053,940102
4006,36,053,940103
3364,36,053,940200
5685,36,053,940300
6866,36,053,940401
5239,36,053,940403
7429,36,053,940600
3200,36,053,940700
2474,36,055,000200
2446,36,055,000700
2939,36,055,001000
1970,36,055,001300
1227,36,055,001500
5367,36,055,001800
2361,36,055,001900
4565,36,055,002000
3284,36,055,002100
2742,36,055,002200
4650,36,055,002300
3280,36,055,002400
1325,36,055,002700
3474,36,055,002900
1602,36,055,003000
4298,36,055,003100
2196,36,055,003200
1903,36,055,003300
2237,36,055,003400
1672,36,055,003500
2852,36,055,003600
2884,36,055,003700
2564,36,055,003802
7424,36,055,003805
1946,36,055,003900
1422,36,055,004000
959,36,055,004100
2192,36,055,004602
3076,36,055,004701
2182,36,055,004702
2330,36,055,004800
2001,36,055,004900
1980,36,055,005000
1269,36,055,005100
1504,36,055,005200
1849,36,055,005300
3831,36,055,005400
2219,36,055,005500
1703,36,055,005600
1813,36,055,005700
3898,36,055,005800
1299,36,055,005900
3016,36,055,006000
2454,36,055,006100
3638,36,055,006200
3482,36,055,006300
2455,36,055,006400
1851,36,055,006500
2204,36,055,006600
3189,36,055,006700
3297,36,055,006800
2338,36,055,006900
2865,36,055,007000
3049,36,055,007100
3538,36,055,007500
3023,36,055,007600
2732,36,055,007700
2529,36,055,007801
1537,36,055,007802
1708,36,055,007900
2097,36,055,008000
4165,36,055,008100
3188,36,055,008200
4530,36,055,008301
2772,36,055,008400
3985,36,055,008500
4852,36,055,008600
3900,36,055,008701
1279,36,055,008702
2583,36,055,008800
1457,36,055,009200
3017,36,055,009301
1459,36,055,009302
4683,36,055,009400
3265,36,055,009500
1326,36,055,009601
1762,36,055,009602
2194,36,055,009603
1273,36,055,009604
3645,36,055,010100
3967,36,055,010200
3724,36,055,010300
5170,36,055,010400
4518,36,055,010500
2536,36,055,010601
3908,36,055,010602
3550,36,055,010700
2959,36,055,010800
5165,36,055,010901
3307,36,055,010902
4922,36,055,011000
4305,36,055,011100
3692,36,055,011201
2051,36,055,011203
5243,36,055,011205
4669,36,055,011207
5045,36,055,011208
7460,36,055,011301
5745,36,055,011302
7757,36,055,011400
5931,36,055,011501
6335,36,055,011503
6411,36,055,011504
6105,36,055,011505
5479,36,055,011601
1293,36,055,011603
2310,36,055,011604
1998,36,055,011605
8142,36,055,011703
5202,36,055,011705
4905,36,055,011706
6676,36,055,011707
3651,36,055,011708
5284,36,055,011800
6320,36,055,011901
6063,36,055,011902
2950,36,055,012000
3622,36,055,012100
5541,36,055,012201
3497,36,055,012202
6200,36,055,012301
4327,36,055,012304
4296,36,055,012305
5167,36,055,012306
2920,36,055,012401
6062,36,055,012402
4572,36,055,012500
5081,36,055,012600
3854,36,055,012700
4524,36,055,012800
5540,36,055,012900
6017,36,055,013001
6796,36,055,013002
6539,36,055,013101
8551,36,055,013103
5484,36,055,013104
5734,36,055,013203
7513,36,055,013204
3451,36,055,013205
4727,36,055,013206
3488,36,055,013300
4099,36,055,013401
3322,36,055,013402
5805,36,055,013503
3349,36,055,013505
9333,36,055,013506
5947,36,055,013507
3621,36,055,013508
4979,36,055,013601
5665,36,055,013603
4833,36,055,013604
2126,36,055,013701
3253,36,055,013702
6194,36,055,013800
3685,36,055,013901
4063,36,055,013902
5103,36,055,014001
4645,36,055,014003
3726,36,055,014004
3648,36,055,014102
4334,36,055,014103
3727,36,055,014104
6590,36,055,014202
6253,36,055,014203
2528,36,055,014204
3076,36,055,014301
5382,36,055,014302
4644,36,055,014400
4240,36,055,014501
3414,36,055,014503
5637,36,055,014504
5377,36,055,014505
5358,36,055,014601
4345,36,055,014602
4823,36,055,014700
5471,36,055,014802
3277,36,055,014803
6666,36,055,014804
5360,36,055,014901
5163,36,055,014903
5563,36,055,014905
3467,36,055,014906
5539,36,055,015000
4825,36,055,015101
4248,36,055,015102
6596,36,055,015200
3217,36,055,015301
2994,36,055,015303
4433,36,055,015304
3524,36,055,015400
0,36,055,980000
10,36,055,980100
0,36,055,990000
2107,36,057,070200
2152,36,057,070300
2161,36,057,070400
3154,36,057,070500
1919,36,057,070600
2576,36,057,070700
2963,36,057,070800
1480,36,057,070900
5588,36,057,072100
3834,36,057,072200
3195,36,057,072300
2615,36,057,072400
4262,36,057,072500
3732,36,057,072600
4139,36,057,072700
4068,36,057,072800
4974,36,059,300100
4638,36,059,300300
5204,36,059,300400
5441,36,059,300500
6331,36,059,300600
5971,36,059,300700
3987,36,059,300800
7837,36,059,300900
5448,36,059,301000
6433,36,059,301101
4259,36,059,301102
5741,36,059,301200
5446,36,059,301300
1901,36,059,301400
3315,36,059,301500
4607,36,059,301600
2664,36,059,301700
5205,36,059,301800
3002,36,059,301900
4991,36,059,302000
3817,36,059,302101
3255,36,059,302102
4031,36,059,302200
4555,36,059,302300
5717,36,059,302400
2451,36,059,302501
2571,36,059,302502
2571,36,059,302600
4424,36,059,302700
6180,36,059,302800
4146,36,059,302900
5602,36,059,303000
3686,36,059,303101
3937,36,059,303102
3819,36,059,303201
3992,36,059,303202
3520,36,059,303301
3719,36,059,303302
2531,36,059,303400
5140,36,059,303500
6875,36,059,303600
6676,36,059,303700
5588,36,059,303800
3962,36,059,303900
2391,36,059,304001
4227,36,059,304002
4330,36,059,304100
3168,36,059,304202
5685,36,059,304203
3711,36,059,304204
3151,36,059,404300
4865,36,059,404400
4268,36,059,404500
4309,36,059,404600
6178,36,059,404700
5337,36,059,404800
5242,36,059,404901
4281,36,059,404902
6178,36,059,405000
8187,36,059,405100
6823,36,059,405200
3481,36,059,405301
4266,36,059,405302
8014,36,059,405400
5322,36,059,405500
3965,36,059,405600
4630,36,059,405700
3788,36,059,405800
5202,36,059,405900
4637,36,059,406001
2905,36,059,406002
2876,36,059,406100
2815,36,059,406201
5570,36,059,406202
3894,36,059,406300
6363,36,059,406400
6612,36,059,406501
4187,36,059,406600
2504,36,059,406701
4865,36,059,406702
4878,36,059,406801
4778,36,059,406802
7269,36,059,406900
6340,36,059,407000
5260,36,059,407101
6010,36,059,407102
4979,36,059,407201
3526,36,059,407203
2956,36,059,407204
5560,36,059,407301
4972,36,059,407302
5514,36,059,407401
3387,36,059,407402
4773,36,059,407501
5850,36,059,407502
5192,36,059,407600
4925,36,059,407700
5457,36,059,407801
2677,36,059,407802
4261,36,059,407900
6658,36,059,408000
6355,36,059,408100
6628,36,059,408200
7095,36,059,408300
3960,36,059,408400
6217,36,059,408500
4644,36,059,408600
5564,36,059,408700
7143,36,059,408800
5799,36,059,408900
6177,36,059,409000
5201,36,059,409100
6129,36,059,409200
4310,36,059,409300
4250,36,059,409400
4262,36,059,409500
4905,36,059,409600
4105,36,059,409700
5858,36,059,409800
7473,36,059,409900
3174,36,059,410000
5902,36,059,410100
3810,36,059,410200
5990,36,059,410300
5545,36,059,410400
7755,36,059,410500
7567,36,059,410600
5641,36,059,410700
4483,36,059,410800
5263,36,059,410900
5911,36,059,411000
4544,36,059,411100
6466,36,059,411200
3768,36,059,411301
6470,36,059,411302
7217,36,059,411400
2905,36,059,411500
6445,36,059,411600
6735,36,059,411700
6118,36,059,411800
3328,36,059,411901
3665,36,059,411902
6269,36,059,412000
6314,36,059,412100
5447,36,059,412200
3360,36,059,412301
3291,36,059,412302
5188,36,059,412400
4230,36,059,412500
3723,36,059,412600
4149,36,059,412700
3187,36,059,412800
5682,36,059,412900
3992,36,059,413001
3907,36,059,413002
5127,36,059,413100
5733,36,059,413200
7072,36,059,413300
5247,36,059,413400
6722,36,059,413500
5778,36,059,413600
5529,36,059,413700
4278,36,059,413803
4414,36,059,413804
6579,36,059,413900
4063,36,059,414001
4404,36,059,414002
6031,36,059,414100
5186,36,059,414201
5114,36,059,414202
3476,36,059,414301
5122,36,059,414303
3183,36,059,414304
5061,36,059,414400
5432,36,059,414501
4097,36,059,414502
3597,36,059,414600
4828,36,059,414700
6470,36,059,414800
6888,36,059,414900
5703,36,059,415000
2698,36,059,415101
5078,36,059,415102
3792,36,059,415201
4055,36,059,415202
6010,36,059,415300
5581,36,059,415401
4598,36,059,415402
2694,36,059,415500
5557,36,059,415600
5762,36,059,415700
6662,36,059,415802
4303,36,059,416000
6252,36,059,416100
3831,36,059,416201
4634,36,059,416202
3696,36,059,416300
3789,36,059,416401
3371,36,059,416402
6680,36,059,416500
5042,36,059,416600
4385,36,059,416701
4197,36,059,416702
2013,36,059,416801
3965,36,059,416802
3883,36,059,416900
2781,36,059,517000
6104,36,059,517101
2158,36,059,517102
7564,36,059,517200
2737,36,059,517301
5384,36,059,517302
4972,36,059,517400
3710,36,059,517500
4559,36,059,517600
7385,36,059,517701
2449,36,059,517705
3721,36,059,517801
3091,36,059,517802
4510,36,059,517901
2988,36,059,517902
5437,36,059,518000
2590,36,059,518100
4639,36,059,518201
4716,36,059,518203
4359,36,059,518204
5823,36,059,518300
4274,36,059,518400
6352,36,059,518501
2958,36,059,518502
3930,36,059,518600
5473,36,059,518700
3335,36,059,518800
7023,36,059,518900
6230,36,059,519000
6278,36,059,519100
5968,36,059,519200
5792,36,059,519300
4579,36,059,519400
5917,36,059,519500
4492,36,059,519601
2206,36,059,519602
5183,36,059,519702
3558,36,059,519703
3127,36,059,519704
2362,36,059,519801
4858,36,059,519802
5356,36,059,519900
6599,36,059,520001
4672,36,059,520002
5577,36,059,520100
3153,36,059,520200
6093,36,059,520300
3444,36,059,520401
4725,36,059,520402
3598,36,059,520501
5143,36,059,520502
6023,36,059,520600
5077,36,059,520700
4090,36,059,520800
4448,36,059,520900
5050,36,059,521000
4720,36,059,521100
3097,36,059,521200
2449,36,059,521301
5844,36,059,521302
6649,36,059,521400
4423,36,059,521500
4312,36,059,521601
3437,36,059,521602
4793,36,059,521700
3453,36,059,521801
4070,36,059,521802
4368,36,059,521902
5942,36,059,522000
4908,36,059,522700
1064,36,059,980100
1377,36,059,981100
770,36,059,982100
0,36,059,990100
0,36,059,990200
0,36,059,990301
0,36,059,990302
0,36,059,990400
0,36,061,000100
3013,36,061,000201
8792,36,061,000202
0,36,061,000500
10324,36,061,000600
5085,36,061,000700
12129,36,061,000800
479,36,061,000900
1983,36,061,001001
6532,36,061,001002
3826,36,061,001200
3409,36,061,001300
3603,36,061,001401
3127,36,061,001402
5263,36,061,001501
6647,36,061,001502
7885,36,061,001600
8078,36,061,001800
5129,36,061,002000
4087,36,061,002100
6843,36,061,002201
1875,36,061,002202
4499,36,061,002400
5406,36,061,002500
3996,36,061,002601
4483,36,061,002602
1343,36,061,002700
7030,36,061,002800
6939,36,061,002900
4384,36,061,003001
3087,36,061,003002
2671,36,061,003100
8463,36,061,003200
4848,36,061,003300
6534,36,061,003400
3617,36,061,003601
2343,36,061,003602
2326,36,061,003700
8358,36,061,003800
4752,36,061,003900
8458,36,061,004000
8403,36,061,004100
3531,36,061,004200
4591,36,061,004300
17228,36,061,004400
1260,36,061,004500
2439,36,061,004700
6683,36,061,004800
4541,36,061,004900
5798,36,061,005000
4256,36,061,005200
4195,36,061,005400
3996,36,061,005501
1902,36,061,005502
2666,36,061,005600
2577,36,061,005700
3270,36,061,005800
5269,36,061,005900
4673,36,061,006000
4855,36,061,006100
4843,36,061,006200
6507,36,061,006300
7709,36,061,006400
7674,36,061,006500
12871,36,061,006600
5872,36,061,006700
5597,36,061,006800
2723,36,061,006900
9024,36,061,007000
5241,36,061,007100
8370,36,061,007200
6321,36,061,007300
4284,36,061,007400
4189,36,061,007500
2329,36,061,007600
5574,36,061,007700
7456,36,061,007800
4605,36,061,007900
5138,36,061,008000
7644,36,061,008100
3478,36,061,008200
3732,36,061,008300
1362,36,061,008400
2317,36,061,008601
0,36,061,008602
4392,36,061,008603
6342,36,061,008700
6645,36,061,008800
5382,36,061,008900
7837,36,061,009000
6250,36,061,009100
1596,36,061,009200
9442,36,061,009300
26,36,061,009400
3426,36,061,009500
88,36,061,009600
4882,36,061,009700
7045,36,061,009800
1686,36,061,009900
1733,36,061,010000
589,36,061,010100
189,36,061,010200
2002,36,061,010300
981,36,061,010400
7055,36,061,010601
4984,36,061,010602
8229,36,061,010800
81,36,061,010900
6827,36,061,011000
2859,36,061,011100
810,36,061,011201
258,36,061,011202
1199,36,061,011203
195,36,061,011300
1246,36,061,011401
2255,36,061,011402
2686,36,061,011500
3557,36,061,011600
1521,36,061,011700
8890,36,061,011800
1053,36,061,011900
4113,36,061,012000
9488,36,061,012100
3088,36,061,012200
9633,36,061,012400
2111,36,061,012500
13002,36,061,012600
7039,36,061,012700
6023,36,061,012800
5101,36,061,012900
4528,36,061,013000
2704,36,061,013100
9101,36,061,013200
6572,36,061,013300
11167,36,061,013400
5382,36,061,013500
15377,36,061,013600
6291,36,061,013700
13614,36,061,013800
8957,36,061,013900
8177,36,061,014000
4344,36,061,014200
14,36,061,014300
5177,36,061,014401
6837,36,061,014402
6245,36,061,014500
3643,36,061,014601
8261,36,061,014602
1870,36,061,014700
2574,36,061,014801
6309,36,061,014802
5489,36,061,014900
2497,36,061,015001
6141,36,061,015002
7205,36,061,015100
7065,36,061,015200
8976,36,061,015300
12768,36,061,015400
9629,36,061,015500
5461,36,061,015601
2069,36,061,015602
10087,36,061,015700
5759,36,061,015801
3258,36,061,015802
9886,36,061,015900
3726,36,061,016001
3174,36,061,016002
6926,36,061,016100
9876,36,061,016200
6205,36,061,016300
6302,36,061,016400
7061,36,061,016500
8035,36,061,016600
7279,36,061,016700
5499,36,061,016800
9169,36,061,016900
7696,36,061,017000
9865,36,061,017100
5979,36,061,017200
9388,36,061,017300
5458,36,061,017401
2568,36,061,017402
10218,36,061,017500
9686,36,061,017700
4919,36,061,017800
9457,36,061,017900
7752,36,061,018000
9641,36,061,018100
6552,36,061,018200
8924,36,061,018300
8434,36,061,018400
4175,36,061,018500
5899,36,061,018600
8997,36,061,018700
5814,36,061,018800
11840,36,061,018900
2818,36,061,019000
9245,36,061,019100
3972,36,061,019200
9048,36,061,019300
6669,36,061,019400
7506,36,061,019500
4081,36,061,019600
365,36,061,019701
1934,36,061,019702
1793,36,061,019800
9241,36,061,019900
3238,36,061,020000
1956,36,061,020101
3975,36,061,020102
3241,36,061,020300
4973,36,061,020500
3026,36,061,020600
2755,36,061,020701
4464,36,061,020800
3310,36,061,020901
7280,36,061,021000
8599,36,061,021100
4095,36,061,021200
6058,36,061,021303
3219,36,061,021400
3082,36,061,021500
7996,36,061,021600
0,36,061,021703
6238,36,061,021800
5678,36,061,021900
5603,36,061,022000
2433,36,061,022102
2524,36,061,022200
7749,36,061,022301
3590,36,061,022302
5923,36,061,022400
9916,36,061,022500
4326,36,061,022600
5073,36,061,022700
5580,36,061,022800
8286,36,061,022900
8758,36,061,023000
5868,36,061,023100
8316,36,061,023200
6108,36,061,023300
5114,36,061,023400
7018,36,061,023501
1979,36,061,023502
6369,36,061,023600
7398,36,061,023700
8540,36,061,023801
1545,36,061,023802
2483,36,061,023900
2507,36,061,024000
8305,36,061,024100
3233,36,061,024200
4082,36,061,024301
7381,36,061,024302
15698,36,061,024500
8310,36,061,024700
1035,36,061,024900
3113,36,061,025100
12228,36,061,025300
5819,36,061,025500
3775,36,061,025700
2857,36,061,025900
13483,36,061,026100
8670,36,061,026300
7059,36,061,026500
2559,36,061,026700
9577,36,061,026900
8866,36,061,027100
6179,36,061,027300
2944,36,061,027500
7482,36,061,027700
11107,36,061,027900
2674,36,061,028100
7693,36,061,028300
7906,36,061,028500
4377,36,061,028700
12370,36,061,029100
9469,36,061,029300
7904,36,061,029500
0,36,061,029700
3967,36,061,029900
3349,36,061,030300
3897,36,061,030700
8406,36,061,030900
0,36,061,031100
6744,36,061,031703
5543,36,061,031704
0,36,061,031900
3796,36,063,020100
2197,36,063,020200
2350,36,063,020300
1853,36,063,020400
2616,36,063,020500
1315,36,063,020600
2746,36,063,020700
2204,36,063,020900
3058,36,063,021000
1490,36,063,021100
2191,36,063,021200
2155,36,063,021300
2011,36,063,021400
3284,36,063,021700
3609,36,063,022000
2655,36,063,022100
3884,36,063,022200
2626,36,063,022300
1944,36,063,022401
2907,36,063,022500
2599,36,063,022601
5842,36,063,022602
6300,36,063,022702
9209,36,063,022711
8102,36,063,022712
3739,36,063,022803
3395,36,063,022804
1992,36,063,022901
3345,36,063,022902
2201,36,063,023001
2265,36,063,023100
2927,36,063,023200
6977,36,063,023300
8118,36,063,023401
4092,36,063,023402
4304,36,063,023404
3745,36,063,023405
2491,36,063,023500
3735,36,063,023600
2102,36,063,023700
3800,36,063,023800
3717,36,063,023901
5450,36,063,023902
6090,36,063,024001
1727,36,063,024002
3921,36,063,024101
2824,36,063,024102
6649,36,063,024201
2963,36,063,024202
1166,36,063,024301
4771,36,063,024302
5741,36,063,024303
2706,36,063,024401
4671,36,063,024404
5128,36,063,024405
3734,36,063,024406
2619,36,063,024501
4132,36,063,024502
4875,36,063,024600
1009,36,063,940001
0,36,063,940100
0,36,063,990000
1243,36,065,020102
1216,36,065,020300
2386,36,065,020705
3775,36,065,020802
3061,36,065,020803
2359,36,065,020900
1473,36,065,021000
1052,36,065,021101
2810,36,065,021102
1549,36,065,021103
1376,36,065,021201
2703,36,065,021202
3167,36,065,021301
3447,36,065,021302
2681,36,065,021303
2440,36,065,021401
2182,36,065,021402
2301,36,065,021500
5010,36,065,021601
2244,36,065,021602
3488,36,065,021701
3184,36,065,021702
1776,36,065,021900
3846,36,065,022000
2581,36,065,022100
2704,36,065,022200
3596,36,065,022400
4579,36,065,022500
2019,36,065,022701
4189,36,065,022702
2608,36,065,022800
6200,36,065,023000
4347,36,065,023200
2683,36,065,023300
5012,36,065,023400
2289,36,065,023501
4466,36,065,023502
3821,36,065,023702
2401,36,065,023901
1799,36,065,023902
4507,36,065,024000
1605,36,065,024101
2862,36,065,024102
4561,36,065,024200
3062,36,065,024301
3452,36,065,024302
2578,36,065,024303
4138,36,065,024400
4938,36,065,024500
2561,36,065,025001
4171,36,065,025002
3548,36,065,025003
1923,36,065,025100
4441,36,065,025200
6743,36,065,025300
6013,36,065,025400
4426,36,065,025500
4237,36,065,025600
2558,36,065,025700
1515,36,065,025800
2295,36,065,025900
2683,36,065,026100
5462,36,065,026200
3662,36,065,026300
5281,36,065,026400
1407,36,065,026500
3612,36,065,026600
5491,36,065,026700
3077,36,065,940000
6298,36,065,940100
5318,36,065,940200
0,36,065,980002
0,36,065,980003
45,36,065,980100
379,36,067,000100
3254,36,067,000200
1567,36,067,000300
3851,36,067,000400
2360,36,067,000501
3721,36,067,000600
1809,36,067,000700
2452,36,067,000800
3090,36,067,000900
3608,36,067,001000
2737,36,067,001400
2740,36,067,001500
3120,36,067,001600
2143,36,067,001701
2798,36,067,001702
2665,36,067,001800
3686,36,067,001900
2592,36,067,002000
2615,36,067,002101
1879,36,067,002300
2456,36,067,002400
1897,36,067,002700
2863,36,067,002901
1689,36,067,003000
1922,36,067,003200
1762,36,067,003400
2495,36,067,003500
2823,36,067,003601
2401,36,067,003602
2726,36,067,003800
3662,36,067,003900
1238,36,067,004000
1764,36,067,004200
1614,36,067,004301
7814,36,067,004302
1973,36,067,004400
4322,36,067,004500
5215,36,067,004600
1526,36,067,004800
1775,36,067,004900
3059,36,067,005000
2403,36,067,005100
2047,36,067,005200
2059,36,067,005300
3015,36,067,005400
4378,36,067,005500
1737,36,067,005601
1358,36,067,005602
1684,36,067,005700
2567,36,067,005800
1766,36,067,005900
3620,36,067,006000
3330,36,067,006101
2271,36,067,006102
2437,36,067,006103
2759,36,067,010100
5528,36,067,010200
5374,36,067,010301
2843,36,067,010321
3970,36,067,010322
3835,36,067,010400
2494,36,067,010500
2237,36,067,010600
1828,36,067,010700
4791,36,067,010800
2339,36,067,010900
3083,36,067,011011
3991,36,067,011012
2951,36,067,011021
3207,36,067,011022
5840,36,067,011101
3866,36,067,011102
3598,36,067,011201
4609,36,067,011202
5060,36,067,011231
3738,36,067,011232
2152,36,067,011241
6331,36,067,011242
2538,36,067,011300
6572,36,067,011401
4371,36,067,011402
5311,36,067,011500
4996,36,067,011600
2911,36,067,011700
6520,36,067,011800
3612,36,067,011900
5927,36,067,012000
3817,36,067,012100
1208,36,067,012200
3381,36,067,012300
4364,36,067,012400
3705,36,067,012500
5390,36,067,012600
2045,36,067,012700
3363,36,067,012800
2564,36,067,012900
4039,36,067,013000
4500,36,067,013100
2700,36,067,013200
2347,36,067,013300
5416,36,067,013400
4628,36,067,013500
3351,36,067,013600
4863,36,067,013701
2239,36,067,013800
2745,36,067,013900
3918,36,067,014000
4067,36,067,014200
3092,36,067,014300
2288,36,067,014400
4172,36,067,014500
4538,36,067,014600
6000,36,067,014700
3124,36,067,014800
2335,36,067,014900
4423,36,067,015000
5733,36,067,015100
2962,36,067,015201
4284,36,067,015202
2689,36,067,015203
5771,36,067,015400
2878,36,067,015500
3431,36,067,015601
6895,36,067,015700
4921,36,067,015800
3493,36,067,016001
3024,36,067,016002
2080,36,067,016100
2284,36,067,016200
7798,36,067,016300
3979,36,067,016400
2050,36,067,016501
4153,36,067,016502
4282,36,067,016600
2937,36,067,016700
1979,36,067,016801
2532,36,067,016802
2719,36,067,016901
2277,36,067,016902
15,36,067,940000
3246,36,069,050101
10193,36,069,050102
5788,36,069,050201
5794,36,069,050202
5243,36,069,050301
4097,36,069,050302
7041,36,069,050400
5895,36,069,050500
5837,36,069,050601
3745,36,069,050602
2931,36,069,050800
2515,36,069,050900
2739,36,069,051000
2493,36,069,051100
3667,36,069,051200
4168,36,069,051300
2712,36,069,051400
3273,36,069,051500
4149,36,069,051600
2071,36,069,051700
2402,36,069,051800
4704,36,069,051900
5072,36,069,052000
4039,36,069,052100
2484,36,069,052200
3522,36,071,000100
2294,36,071,000200
6763,36,071,000300
4518,36,071,000400
3630,36,071,000501
5119,36,071,000502
3272,36,071,000600
4751,36,071,001100
2342,36,071,001200
3443,36,071,001300
4785,36,071,001500
6460,36,071,001600
3324,36,071,002100
3273,36,071,002200
2309,36,071,002300
4673,36,071,010101
4928,36,071,010102
4842,36,071,010200
3500,36,071,010300
3575,36,071,010400
7995,36,071,010500
7294,36,071,010600
6917,36,071,010700
3739,36,071,010801
4545,36,071,010802
3754,36,071,010901
5383,36,071,010902
4483,36,071,011000
2686,36,071,011101
4091,36,071,011102
5081,36,071,011200
6765,36,071,011300
3763,36,071,011400
7024,36,071,011500
4420,36,071,011601
3525,36,071,011602
4504,36,071,011701
4367,36,071,011702
4499,36,071,011801
2648,36,071,011802
6126,36,071,011900
4234,36,071,012100
3320,36,071,012200
5438,36,071,012300
3067,36,071,012601
3125,36,071,012602
4265,36,071,012700
4986,36,071,012800
3068,36,071,012900
4480,36,071,013000
5156,36,071,013100
5171,36,071,013201
2610,36,071,013202
6879,36,071,013300
3395,36,071,013400
5882,36,071,013500
9449,36,071,013600
1635,36,071,013700
1552,36,071,013800
4576,36,071,013900
4066,36,071,014101
5044,36,071,014102
4104,36,071,014201
6155,36,071,014202
5175,36,071,014301
6960,36,071,014302
5065,36,071,014400
4440,36,071,014501
5184,36,071,014502
7060,36,071,014600
3809,36,071,014700
6515,36,071,014800
3595,36,071,014900
3185,36,071,015003
5951,36,071,015004
4778,36,071,015005
6037,36,071,015006
6294,36,071,015100
9564,36,071,015200
3282,36,073,040200
2671,36,073,040300
3534,36,073,040400
2662,36,073,040500
8456,36,073,040600
5829,36,073,040700
4637,36,073,040801
3965,36,073,040802
3194,36,073,401200
4939,36,073,401300
0,36,073,990000
3648,36,075,020100
3920,36,075,020200
2441,36,075,020301
3290,36,075,020302
5186,36,075,020400
5818,36,075,020500
5002,36,075,020600
4279,36,075,020701
4259,36,075,020702
5064,36,075,020703
3670,36,075,020800
2578,36,075,020901
5919,36,075,020902
5979,36,075,021000
3834,36,075,021101
2250,36,075,021102
3079,36,075,021103
2739,36,075,021104
6842,36,075,021200
4872,36,075,021300
7971,36,075,021401
1693,36,075,021402
2870,36,075,021501
6896,36,075,021502
3108,36,075,021601
3181,36,075,021602
4171,36,075,021603
3965,36,075,021604
3696,36,075,021605
0,36,075,990000
4364,36,077,590100
2424,36,077,590201
3916,36,077,590202
4088,36,077,590300
5917,36,077,590400
3041,36,077,590500
1963,36,077,590600
4172,36,077,590700
5205,36,077,590800
2726,36,077,590900
3170,36,077,591000
3221,36,077,591100
2331,36,077,591200
2558,36,077,591300
5573,36,077,591400
3498,36,077,591500
4437,36,077,591600
3658,36,079,010100
8311,36,079,010200
5037,36,079,010300
2885,36,079,010400
5739,36,079,010500
3918,36,079,010600
2321,36,079,010700
3430,36,079,010800
7555,36,079,010900
4113,36,079,011000
5339,36,079,011100
6738,36,079,011200
3927,36,079,011300
4961,36,079,011400
7204,36,079,011500
6069,36,079,011600
5536,36,079,011700
7502,36,079,011800
5302,36,079,011900
3290,36,081,000100
3089,36,081,000200
4884,36,081,000400
3137,36,081,000600
3705,36,081,000700
3195,36,081,000800
3297,36,081,001000
4321,36,081,001200
3649,36,081,001400
2909,36,081,001600
2893,36,081,001800
686,36,081,001900
1678,36,081,002000
1935,36,081,002200
2249,36,081,002400
7032,36,081,002500
2206,36,081,002600
3333,36,081,002800
1323,36,081,003000
1360,36,081,003100
1215,36,081,003200
2187,36,081,003300
2212,36,081,003400
3210,36,081,003600
169,36,081,003700
2103,36,081,003800
1365,36,081,003900
1919,36,081,004001
1079,36,081,004002
4073,36,081,004200
2371,36,081,004300
3364,36,081,004401
2720,36,081,004500
4024,36,081,004700
0,36,081,005000
1841,36,081,005100
2939,36,081,005200
5739,36,081,005300
5241,36,081,005400
1073,36,081,005500
4043,36,081,005700
5580,36,081,005800
3546,36,081,005900
5726,36,081,006100
5430,36,081,006201
6506,36,081,006202
5277,36,081,006300
3766,36,081,006501
3851,36,081,006502
4954,36,081,006900
3552,36,081,007100
3991,36,081,007300
4073,36,081,007500
1230,36,081,007700
3571,36,081,007900
920,36,081,008100
3417,36,081,008300
714,36,081,008500
2721,36,081,008600
3900,36,081,008700
3262,36,081,008800
2541,36,081,009100
2816,36,081,009400
2750,36,081,009500
3336,36,081,009600
3760,36,081,009700
2498,36,081,009800
0,36,081,009900
3255,36,081,010000
2546,36,081,010100
2830,36,081,010200
3949,36,081,010300
3915,36,081,010400
4276,36,081,010500
2798,36,081,010600
0,36,081,010701
2935,36,081,010800
3272,36,081,011000
2965,36,081,011100
2463,36,081,011200
5068,36,081,011300
984,36,081,011400
2763,36,081,011500
1985,36,081,011600
3724,36,081,011700
2663,36,081,011800
1852,36,081,011900
2770,36,081,012000
2335,36,081,012100
2742,36,081,012200
2988,36,081,012301
2572,36,081,012400
2082,36,081,012500
2396,36,081,012601
2355,36,081,012602
1854,36,081,012800
1787,36,081,013000
1854,36,081,013200
5156,36,081,013400
1806,36,081,013500
1685,36,081,013600
1520,36,081,013700
3854,36,081,013800
3515,36,081,014000
1616,36,081,014100
4592,36,081,014201
2471,36,081,014202
4059,36,081,014300
1758,36,081,014400
2436,36,081,014500
2592,36,081,014700
2456,36,081,014800
2390,36,081,014900
2623,36,081,015000
3139,36,081,015100
3044,36,081,015200
2019,36,081,015300
2120,36,081,015400
2052,36,081,015500
3120,36,081,015600
1620,36,081,015700
3528,36,081,015801
4188,36,081,015802
4602,36,081,015900
2509,36,081,016100
3869,36,081,016300
3666,36,081,016400
3974,36,081,016600
2756,36,081,016800
5593,36,081,016900
2451,36,081,017000
0,36,081,017100
2001,36,081,017200
2473,36,081,017400
1989,36,081,017600
2137,36,081,017800
983,36,081,017900
1031,36,081,018000
4341,36,081,018101
3724,36,081,018102
2144,36,081,018200
5523,36,081,018300
2131,36,081,018401
2645,36,081,018402
3342,36,081,018501
3558,36,081,018502
1733,36,081,018600
3146,36,081,018700
1151,36,081,018800
3410,36,081,018900
1766,36,081,019000
1990,36,081,019200
2291,36,081,019400
2593,36,081,019600
3099,36,081,019800
1112,36,081,019900
1299,36,081,020200
1889,36,081,020400
1064,36,081,020500
1153,36,081,020600
2561,36,081,020800
2485,36,081,021200
5875,36,081,021400
4292,36,081,021600
0,36,081,021900
5815,36,081,022001
5639,36,081,022002
0,36,081,022900
1673,36,081,023000
4893,36,081,023200
8346,36,081,023500
2816,36,081,023600
4671,36,081,023800
5250,36,081,024000
5238,36,081,024300
4941,36,081,024500
0,36,081,024600
1380,36,081,024700
6013,36,081,024900
6502,36,081,025100
4298,36,081,025301
3077,36,081,025302
7826,36,081,025400
1189,36,081,025500
1592,36,081,025700
1414,36,081,025800
3629,36,081,025900
1996,36,081,026000
7327,36,081,026100
1543,36,081,026200
5924,36,081,026300
2048,36,081,026400
3951,36,081,026500
1849,36,081,026600
5467,36,081,026700
5174,36,081,026901
3696,36,081,026902
1452,36,081,027000
8033,36,081,027100
1832,36,081,027200
7891,36,081,027300
2123,36,081,027400
6552,36,081,027500
1072,36,081,027600
8269,36,081,027700
2236,36,081,027800
6201,36,081,027900
1642,36,081,028000
5822,36,081,028100
1455,36,081,028200
7176,36,081,028300
3035,36,081,028400
4714,36,081,028500
6014,36,081,028700
4046,36,081,028800
5358,36,081,028900
6806,36,081,029100
1293,36,081,029300
7032,36,081,029400
3951,36,081,029500
2098,36,081,029700
0,36,081,029900
4707,36,081,030600
8718,36,081,030902
6126,36,081,030903
3700,36,081,030904
5718,36,081,031700
4432,36,081,032000
3850,36,081,032700
2656,36,081,032800
4715,36,081,032900
6490,36,081,033000
0,36,081,033100
2798,36,081,033401
12973,36,081,033402
3411,36,081,033700
4012,36,081,033900
3644,36,081,034700
4078,36,081,035100
2787,36,081,035200
2525,36,081,035300
4542,36,081,035700
4318,36,081,035800
2046,36,081,036100
2226,36,081,036300
3645,36,081,036500
2514,36,081,036600
2802,36,081,036700
2309,36,081,036800
1727,36,081,037100
2496,36,081,037300
4330,36,081,037500
6240,36,081,037600
3354,36,081,037700
6270,36,081,037900
4934,36,081,038100
0,36,081,038301
59,36,081,038302
2164,36,081,038400
2878,36,081,039400
2123,36,081,039800
3936,36,081,039900
1282,36,081,040000
6591,36,081,040100
1305,36,081,040200
6704,36,081,040300
3866,36,081,040400
3636,36,081,040500
7092,36,081,040700
4796,36,081,040900
3135,36,081,041100
4091,36,081,041300
3409,36,081,041400
3963,36,081,041500
2452,36,081,042400
387,36,081,042600
4079,36,081,042700
1262,36,081,043200
1406,36,081,043400
3095,36,081,043701
6214,36,081,043702
4556,36,081,043900
3608,36,081,044000
3778,36,081,044301
4669,36,081,044302
2639,36,081,044400
2834,36,081,044601
4040,36,081,044602
2367,36,081,044800
1809,36,081,045000
1197,36,081,045200
4425,36,081,045400
12506,36,081,045500
1346,36,081,045600
3873,36,081,045700
1952,36,081,045800
4532,36,081,045900
5318,36,081,046000
2717,36,081,046100
6911,36,081,046200
3683,36,081,046300
1371,36,081,046400
3403,36,081,046500
3097,36,081,046600
6540,36,081,046700
3647,36,081,046800
8113,36,081,046900
3578,36,081,047000
4254,36,081,047100
3295,36,081,047200
3789,36,081,047300
4202,36,081,047500
1280,36,081,047600
5081,36,081,047800
6271,36,081,047900
2148,36,081,048000
6171,36,081,048100
1771,36,081,048200
3932,36,081,048300
4894,36,081,048400
4728,36,081,048500
1229,36,081,048900
4755,36,081,049200
1606,36,081,049301
2572,36,081,049302
1569,36,081,049500
2939,36,081,049600
3165,36,081,049700
4853,36,081,049900
4164,36,081,050000
1235,36,081,050201
1460,36,081,050202
1380,36,081,050400
1793,36,081,050500
1453,36,081,050600
3653,36,081,050700
1456,36,081,050800
1473,36,081,051000
2157,36,081,051100
2938,36,081,051200
2178,36,081,051300
2711,36,081,051500
2103,36,081,051600
1767,36,081,051700
2007,36,081,051800
1836,36,081,052000
1576,36,081,052100
1891,36,081,052200
1445,36,081,052400
1885,36,081,052500
1469,36,081,052600
1150,36,081,052800
2352,36,081,053000
3563,36,081,053100
1470,36,081,053200
2156,36,081,053401
1185,36,081,053500
1698,36,081,053601
1821,36,081,053800
4226,36,081,053900
4663,36,081,054000
5613,36,081,054200
3988,36,081,054500
4537,36,081,054700
2622,36,081,054800
5962,36,081,054900
4275,36,081,055100
3280,36,081,055200
2223,36,081,055300
2488,36,081,055400
2184,36,081,055500
2491,36,081,055600
4204,36,081,055700
2313,36,081,055800
844,36,081,055900
1676,36,081,056000
55,36,081,056100
1719,36,081,056200
1978,36,081,056400
1616,36,081,056500
1534,36,081,056600
5069,36,081,056700
4930,36,081,056800
3982,36,081,057700
1349,36,081,057900
3882,36,081,058000
2773,36,081,058100
5323,36,081,058200
3302,36,081,058300
4102,36,081,058500
2946,36,081,058700
4334,36,081,058900
1483,36,081,059000
5471,36,081,059100
1415,36,081,059200
3597,36,081,059300
1689,36,081,059400
4830,36,081,059500
1548,36,081,059600
2081,36,081,059800
1722,36,081,059900
1051,36,081,060000
1913,36,081,060100
1525,36,081,060300
1173,36,081,060600
0,36,081,060701
1835,36,081,060800
1676,36,081,061000
1788,36,081,061200
4616,36,081,061301
0,36,081,061302
1539,36,081,061400
1926,36,081,061601
1421,36,081,061602
1194,36,081,061800
3107,36,081,061900
1536,36,081,062000
2684,36,081,062100
2182,36,081,062200
1720,36,081,062300
0,36,081,062400
1839,36,081,062500
3323,36,081,062600
2793,36,081,062700
2746,36,081,062900
1789,36,081,063000
2271,36,081,063200
1142,36,081,063301
1641,36,081,063302
2488,36,081,063500
3130,36,081,063700
3543,36,081,063800
2784,36,081,063900
1785,36,081,064101
75,36,081,064102
1873,36,081,064500
2837,36,081,064600
2660,36,081,065000
2867,36,081,065400
0,36,081,065501
4815,36,081,065600
1377,36,081,065702
2478,36,081,065703
1613,36,081,065900
3434,36,081,066000
1319,36,081,066100
2416,36,081,066300
10588,36,081,066400
3599,36,081,066501
2941,36,081,066701
1853,36,081,066900
2049,36,081,067100
1777,36,081,067700
4107,36,081,067900
4764,36,081,068000
1011,36,081,068200
4064,36,081,068300
4871,36,081,068700
3783,36,081,069000
3013,36,081,069300
2740,36,081,069400
2438,36,081,069500
3290,36,081,069701
4210,36,081,069702
1992,36,081,070300
2700,36,081,070700
2615,36,081,070900
5641,36,081,071100
4650,36,081,071303
5811,36,081,071304
4718,36,081,071305
5650,36,081,071306
0,36,081,071600
5081,36,081,071701
4196,36,081,071702
2367,36,081,071900
4876,36,081,072100
2201,36,081,072300
1232,36,081,072900
1695,36,081,073100
1873,36,081,073700
5100,36,081,073900
2843,36,081,074100
4063,36,081,074300
3723,36,081,074500
3165,36,081,074700
1690,36,081,074900
4613,36,081,075701
4852,36,081,075702
4056,36,081,076901
1262,36,081,076902
2156,36,081,077300
2047,36,081,077500
4740,36,081,077902
2649,36,081,077903
5182,36,081,077904
2665,36,081,077905
3574,36,081,077906
3457,36,081,077907
3548,36,081,077908
1503,36,081,078800
2486,36,081,079000
2049,36,081,079200
0,36,081,079300
6685,36,081,079701
4172,36,081,079702
3828,36,081,079900
4808,36,081,080301
2832,36,081,080302
7067,36,081,080900
3592,36,081,081400
3549,36,081,081800
5260,36,081,083700
5543,36,081,083800
6665,36,081,084000
4782,36,081,084500
3420,36,081,084601
793,36,081,084602
6457,36,081,084900
4599,36,081,085300
6737,36,081,085500
6119,36,081,085700
5155,36,081,085900
2372,36,081,086100
7266,36,081,086300
2352,36,081,086400
3797,36,081,086500
1635,36,081,086900
1742,36,081,087100
7269,36,081,088400
9906,36,081,088901
8721,36,081,089200
1292,36,081,090700
4193,36,081,091601
0,36,081,091602
8,36,081,091800
5744,36,081,091900
2007,36,081,092200
3049,36,081,092500
3432,36,081,092800
6533,36,081,092900
4122,36,081,093401
4268,36,081,093402
4504,36,081,093800
4207,36,081,093900
3563,36,081,094201
3846,36,081,094202
4971,36,081,094203
3967,36,081,094500
2089,36,081,094700
4338,36,081,095400
4440,36,081,096400
2551,36,081,097202
7329,36,081,097203
3481,36,081,097204
2312,36,081,097300
2568,36,081,098100
2619,36,081,098700
6527,36,081,099100
3721,36,081,099200
2562,36,081,099701
3947,36,081,099703
7180,36,081,099704
2786,36,081,099705
7291,36,081,099801
4153,36,081,099802
0,36,081,099900
2214,36,081,100801
8346,36,081,100802
9850,36,081,101001
4469,36,081,101002
5686,36,081,101700
3416,36,081,102900
5703,36,081,103201
5980,36,081,103202
4230,36,081,103300
6280,36,081,103900
6521,36,081,104700
3800,36,081,105900
2442,36,081,107201
19,36,081,107202
2711,36,081,108500
3258,36,081,109300
1938,36,081,109700
3155,36,081,109900
2538,36,081,111300
2051,36,081,112300
2185,36,081,112900
1624,36,081,113300
3260,36,081,113900
2335,36,081,114100
1938,36,081,114700
881,36,081,115100
2366,36,081,115500
3169,36,081,115700
4229,36,081,115900
5157,36,081,116100
8797,36,081,116300
1927,36,081,116700
2774,36,081,117100
5355,36,081,117500
1774,36,081,118100
2035,36,081,118500
2647,36,081,118700
2770,36,081,118900
3514,36,081,119100
2660,36,081,119300
1414,36,081,119500
1796,36,081,119900
1531,36,081,120100
1576,36,081,120300
2627,36,081,120500
2971,36,081,120700
0,36,081,121100
4013,36,081,121500
3884,36,081,122300
9944,36,081,122701
6326,36,081,122702
3834,36,081,124100
3917,36,081,124700
3697,36,081,125700
1721,36,081,126500
3361,36,081,126700
3158,36,081,127700
0,36,081,128300
3223,36,081,129102
3599,36,081,129103
4313,36,081,129104
3799,36,081,130100
3369,36,081,133300
1431,36,081,133900
3171,36,081,134100
9571,36,081,134700
5994,36,081,136700
6635,36,081,137700
4720,36,081,138501
0,36,081,138502
1954,36,081,139900
2392,36,081,140300
825,36,081,140901
2406,36,081,140902
4135,36,081,141700
3449,36,081,142900
2514,36,081,143500
2831,36,081,144100
2687,36,081,144700
1641,36,081,145101
2768,36,081,145102
2938,36,081,145900
2946,36,081,146300
3064,36,081,146700
3218,36,081,147100
4226,36,081,147900
3024,36,081,148300
2699,36,081,150701
2872,36,081,150702
5925,36,081,152901
4885,36,081,152902
1962,36,081,155101
7737,36,081,155102
1182,36,081,156700
7739,36,081,157101
1793,36,081,157102
5295,36,081,157901
3855,36,081,157902
3870,36,081,157903
4161,36,081,161700
6622,36,081,162100
0,36,081,990100
5365,36,083,040100
4078,36,083,040200
3576,36,083,040300
2224,36,083,040400
2380,36,083,040500
2684,36,083,040600
3935,36,083,040700
1617,36,083,040800
2509,36,083,040900
4387,36,083,041000
6468,36,083,041100
2936,36,083,041200
4260,36,083,041300
3592,36,083,041400
2478,36,083,051500
6684,36,083,051600
3424,36,083,051701
3503,36,083,051702
5745,36,083,051800
4116,36,083,051901
3550,36,083,051902
1601,36,083,052002
4384,36,083,052003
5949,36,083,052004
1946,36,083,052101
1739,36,083,052102
1848,36,083,052103
4467,36,083,052201
6071,36,083,052203
2392,36,083,052204
3617,36,083,052301
1281,36,083,052303
6990,36,083,052304
2407,36,083,052402
6708,36,083,052403
7197,36,083,052404
6298,36,083,052501
4706,36,083,052502
1652,36,083,052503
3817,36,083,052601
1134,36,083,052602
2914,36,083,052603
1732,36,085,000300
2266,36,085,000600
4547,36,085,000700
5524,36,085,000800
1880,36,085,000900
3511,36,085,001100
1544,36,085,001700
1014,36,085,001800
2504,36,085,002001
3020,36,085,002002
3491,36,085,002100
2140,36,085,002700
4939,36,085,002900
2966,36,085,003300
2339,36,085,003600
3085,36,085,003900
12421,36,085,004000
3720,36,085,004700
3559,36,085,005000
2602,36,085,005900
3138,36,085,006400
2724,36,085,006700
8688,36,085,007000
3997,36,085,007400
3923,36,085,007500
1718,36,085,007700
4031,36,085,008100
0,36,085,008900
3618,36,085,009601
3629,36,085,009602
2914,36,085,009700
4732,36,085,010500
5895,36,085,011201
6290,36,085,011202
3200,36,085,011401
3405,36,085,011402
3103,36,085,012100
3670,36,085,012200
3063,36,085,012500
4492,36,085,012804
3174,36,085,012805
6379,36,085,012806
1621,36,085,013201
5011,36,085,013203
4619,36,085,013204
1445,36,085,013301
3273,36,085,013302
4050,36,085,013400
6410,36,085,013800
2765,36,085,014100
6569,36,085,014604
3784,36,085,014605
7053,36,085,014606
4596,36,085,014607
3442,36,085,014608
3047,36,085,014700
5299,36,085,015100
0,36,085,015400
6178,36,085,015601
3268,36,085,015602
4400,36,085,015603
3007,36,085,016901
4338,36,085,017005
4327,36,085,017007
7531,36,085,017008
4209,36,085,017009
8786,36,085,017010
5140,36,085,017011
4595,36,085,017012
2309,36,085,017300
4589,36,085,017600
7637,36,085,017700
3059,36,085,018100
1739,36,085,018701
7617,36,085,018702
5243,36,085,018901
5442,36,085,018902
1941,36,085,019700
6534,36,085,019800
3690,36,085,020100
5076,36,085,020700
8222,36,085,020801
6157,36,085,020803
5082,36,085,020804
5616,36,085,021300
2747,36,085,022300
8320,36,085,022600
225,36,085,022800
4390,36,085,023100
3036,36,085,023900
5675,36,085,024401
3958,36,085,024402
2622,36,085,024700
5259,36,085,024800
5746,36,085,025100
3905,36,085,027301
4412,36,085,027302
6337,36,085,027702
4534,36,085,027704
5512,36,085,027705
3124,36,085,027706
2286,36,085,027900
2348,36,085,029102
8069,36,085,029103
6352,36,085,029104
5444,36,085,030301
6629,36,085,030302
3636,36,085,031901
4168,36,085,031902
1413,36,085,032300
0,36,085,990100
5561,36,087,010101
4831,36,087,010102
4429,36,087,010200
5185,36,087,010501
6570,36,087,010502
2324,36,087,010503
4208,36,087,010601
6066,36,087,010602
4359,36,087,010701
3877,36,087,010702
3286,36,087,010703
4273,36,087,010801
5570,36,087,010802
5649,36,087,010803
4092,36,087,010804
4675,36,087,010901
3858,36,087,010902
2005,36,087,011000
6515,36,087,011101
5178,36,087,011102
6402,36,087,011200
6698,36,087,011301
5889,36,087,011302
5059,36,087,011303
4052,36,087,011401
5119,36,087,011403
4470,36,087,011404
3895,36,087,011405
8064,36,087,011501
8163,36,087,011502
8012,36,087,011504
2798,36,087,011505
4071,36,087,011506
3218,36,087,011601
6168,36,087,011602
5436,36,087,011603
2957,36,087,011700
949,36,087,011800
3814,36,087,011901
3358,36,087,011902
3532,36,087,012000
5577,36,087,012101
5598,36,087,012102
5008,36,087,012103
4180,36,087,012105
3438,36,087,012106
5928,36,087,012202
3233,36,087,012203
2915,36,087,012204
6157,36,087,012300
4711,36,087,012401
5067,36,087,012402
5352,36,087,012501
5006,36,087,012502
5780,36,087,012600
3826,36,087,012700
6224,36,087,012800
3109,36,087,013001
5375,36,087,013002
2836,36,087,013003
6030,36,087,013100
5548,36,087,013200
2513,36,087,013300
4077,36,087,013401
3338,36,087,013402
3565,36,089,490100
3719,36,089,490200
5598,36,089,490300
3147,36,089,490400
3769,36,089,490500
4631,36,089,490600
6108,36,089,490700
2870,36,089,490800
3355,36,089,490900
4462,36,089,491000
2499,36,089,491100
2869,36,089,491200
4073,36,089,491300
5256,36,089,491400
3812,36,089,491500
2299,36,089,491600
4381,36,089,491700
4071,36,089,491800
1682,36,089,491900
4802,36,089,492000
4413,36,089,492100
6050,36,089,492300
2768,36,089,492400
2601,36,089,492500
5874,36,089,492600
7140,36,089,492700
3665,36,089,492800
2299,36,089,492900
5976,36,091,060101
5115,36,091,060102
3506,36,091,060200
3965,36,091,060300
2555,36,091,060400
1723,36,091,060501
2309,36,091,060502
2105,36,091,060503
2828,36,091,060601
4909,36,091,060602
7034,36,091,060701
8547,36,091,060702
5012,36,091,060800
3775,36,091,060901
1837,36,091,060902
3800,36,091,061000
5856,36,091,061100
4814,36,091,061200
3824,36,091,061301
7193,36,091,061302
1196,36,091,061303
4759,36,091,061401
5771,36,091,061403
3369,36,091,061404
3572,36,091,061500
4118,36,091,061600
3799,36,091,061701
4465,36,091,061702
5869,36,091,061800
8560,36,091,061901
5960,36,091,061903
6443,36,091,062000
1758,36,091,062100
2812,36,091,062200
2377,36,091,062300
6673,36,091,062403
1484,36,091,062404
5848,36,091,062405
3782,36,091,062406
5001,36,091,062501
5870,36,091,062503
3288,36,091,062505
5098,36,091,062506
3349,36,091,062507
4651,36,091,062508
3185,36,091,062509
2066,36,091,062601
6981,36,091,062602
6447,36,091,062700
2030,36,091,062800
2240,36,093,020101
3692,36,093,020102
2338,36,093,020200
1455,36,093,020300
4305,36,093,020500
2663,36,093,020600
5639,36,093,020700
3443,36,093,020800
3176,36,093,020900
700,36,093,021001
1822,36,093,021002
3145,36,093,021200
3112,36,093,021400
3129,36,093,021500
4191,36,093,021600
3810,36,093,021700
6559,36,093,021800
7349,36,093,031900
6046,36,093,032000
5894,36,093,032101
1855,36,093,032102
4556,36,093,032200
3142,36,093,032300
2832,36,093,032402
2195,36,093,032403
6215,36,093,032404
3795,36,093,032502
4125,36,093,032503
2383,36,093,032504
2129,36,093,032601
3768,36,093,032602
3755,36,093,032700
3905,36,093,032901
4421,36,093,032902
2488,36,093,033002
3450,36,093,033003
2983,36,093,033004
2221,36,093,033101
5967,36,093,033102
4234,36,093,033200
2059,36,093,033300
4178,36,093,033400
1904,36,093,033500
5401,36,095,740100
5029,36,095,740200
1625,36,095,740300
5142,36,095,740400
3800,36,095,740500
3474,36,095,740600
5625,36,095,740700
2693,36,095,740800
4951,36,097,950100
1777,36,097,950200
3426,36,097,950300
3936,36,097,950400
4476,36,097,950500
2467,36,099,950100
2417,36,099,950200
3761,36,099,950300
2967,36,099,950400
3993,36,099,950500
3742,36,099,950600
3901,36,099,950700
5983,36,099,950800
3843,36,099,950900
2235,36,099,951000
1475,36,101,960100
3018,36,101,960200
2563,36,101,960300
4138,36,101,960400
2769,36,101,960500
4106,36,101,960600
2849,36,101,960700
3136,36,101,960800
2661,36,101,960900
3626,36,101,961000
4395,36,101,961100
3689,36,101,961200
4218,36,101,961300
2238,36,101,961400
2018,36,101,961500
1496,36,101,961600
3444,36,101,961700
3464,36,101,961800
3404,36,101,961900
4422,36,101,962000
3298,36,101,962100
2598,36,101,962200
7867,36,101,962300
2906,36,101,962400
2203,36,101,962500
2658,36,101,962600
3330,36,101,962700
3689,36,101,962800
2586,36,101,962900
4460,36,101,963000
3667,36,103,110101
4952,36,103,110102
5088,36,103,110200
4499,36,103,110300
2740,36,103,110401
3119,36,103,110402
3240,36,103,110501
2901,36,103,110502
7445,36,103,110600
2060,36,103,110801
6469,36,103,110803
2942,36,103,110901
4114,36,103,110902
2178,36,103,111001
4569,36,103,111002
9000,36,103,111100
3160,36,103,111201
4385,36,103,111202
4816,36,103,111300
1377,36,103,111401
5063,36,103,111402
3927,36,103,111503
1439,36,103,111504
6057,36,103,111505
3698,36,103,111506
3937,36,103,111601
3258,36,103,111602
6395,36,103,111701
3223,36,103,111703
3395,36,103,111704
5999,36,103,111801
2913,36,103,111802
2605,36,103,111803
2160,36,103,111804
5336,36,103,111900
4529,36,103,112001
5357,36,103,112002
3664,36,103,112102
4575,36,103,112103
2442,36,103,112104
3997,36,103,112204
7931,36,103,112206
6855,36,103,112210
4793,36,103,112211
3167,36,103,112212
5627,36,103,112213
7122,36,103,112214
3994,36,103,122300
2801,36,103,122403
3938,36,103,122404
4300,36,103,122405
5370,36,103,122406
3881,36,103,122501
4929,36,103,122502
5892,36,103,122601
5256,36,103,122602
5775,36,103,122603
2082,36,103,122704
3039,36,103,122705
3782,36,103,122706
3229,36,103,122707
5786,36,103,122801
4160,36,103,122802
6558,36,103,122901
4557,36,103,122902
6340,36,103,123001
4966,36,103,123002
3782,36,103,123101
4015,36,103,123102
2122,36,103,123201
8335,36,103,123202
7396,36,103,123301
1944,36,103,123302
3921,36,103,123401
7706,36,103,123402
6321,36,103,123500
3355,36,103,123600
6251,36,103,123701
6872,36,103,123702
3994,36,103,123801
3503,36,103,123802
4914,36,103,123900
4354,36,103,124001
3810,36,103,124002
4781,36,103,124101
3434,36,103,124102
6093,36,103,124200
6529,36,103,124300
3758,36,103,124401
3565,36,103,124402
4785,36,103,124500
3396,36,103,124601
4083,36,103,124602
5851,36,103,134702
4025,36,103,134703
2637,36,103,134704
5054,36,103,134902
1234,36,103,134903
6208,36,103,134904
5317,36,103,134906
4478,36,103,134907
5239,36,103,135002
4258,36,103,135003
2989,36,103,135004
3277,36,103,135005
3926,36,103,135101
4659,36,103,135102
4989,36,103,135103
5258,36,103,135104
2194,36,103,135201
4439,36,103,135204
5049,36,103,135205
3083,36,103,135208
3200,36,103,135209
3873,36,103,135301
4504,36,103,135303
3421,36,103,135304
6552,36,103,135401
7055,36,103,135402
4828,36,103,135403
5223,36,103,145602
5843,36,103,145603
4560,36,103,145604
2380,36,103,145605
5686,36,103,145701
5636,36,103,145702
5494,36,103,145703
8154,36,103,145704
4742,36,103,145803
3300,36,103,145804
6372,36,103,145805
4220,36,103,145807
3456,36,103,145808
3709,36,103,145901
7812,36,103,145902
5256,36,103,145903
4675,36,103,146001
6512,36,103,146002
7628,36,103,146003
3054,36,103,146102
4204,36,103,146103
6477,36,103,146105
4931,36,103,146106
4951,36,103,146201
5280,36,103,146202
5711,36,103,146203
6397,36,103,146204
2304,36,103,146205
2762,36,103,146206
1990,36,103,146300
3795,36,103,146402
5648,36,103,146403
3635,36,103,146404
5742,36,103,146500
4687,36,103,146604
1044,36,103,146605
7636,36,103,146606
2262,36,103,146607
2428,36,103,146608
3690,36,103,146611
5038,36,103,146612
4172,36,103,146613
5601,36,103,146614
4862,36,103,146615
4156,36,103,146703
1928,36,103,146704
3270,36,103,146705
2832,36,103,146706
5999,36,103,146800
5774,36,103,146901
4577,36,103,146902
4312,36,103,147001
4409,36,103,147003
244,36,103,147004
3131,36,103,147100
5798,36,103,147200
9234,36,103,147300
5891,36,103,147401
3809,36,103,147402
7335,36,103,147501
6603,36,103,147502
1646,36,103,147503
2169,36,103,147601
5508,36,103,147602
3172,36,103,147701
5217,36,103,147702
3918,36,103,147802
3057,36,103,147803
5960,36,103,147804
4531,36,103,147901
4386,36,103,147902
4944,36,103,158001
6291,36,103,158002
6833,36,103,158006
8362,36,103,158007
3010,36,103,158009
3912,36,103,158010
4691,36,103,158011
5018,36,103,158102
4739,36,103,158103
5516,36,103,158104
4146,36,103,158107
2860,36,103,158108
3661,36,103,158110
2768,36,103,158111
4238,36,103,158112
3521,36,103,158114
6290,36,103,158115
2154,36,103,158116
7521,36,103,158202
1770,36,103,158203
2053,36,103,158205
4341,36,103,158206
4415,36,103,158207
6869,36,103,158304
5635,36,103,158306
8420,36,103,158308
4545,36,103,158309
4097,36,103,158310
4653,36,103,158315
5582,36,103,158317
4809,36,103,158318
4034,36,103,158319
6146,36,103,158320
9173,36,103,158321
2306,36,103,158322
7054,36,103,158323
1343,36,103,158401
4533,36,103,158402
2304,36,103,158403
4845,36,103,158405
5606,36,103,158407
3804,36,103,158408
3784,36,103,158409
3520,36,103,158410
4039,36,103,158502
4380,36,103,158505
2663,36,103,158506
4133,36,103,158507
6405,36,103,158508
4998,36,103,158509
7860,36,103,158510
5662,36,103,158511
3893,36,103,158512
4880,36,103,158604
4888,36,103,158605
4653,36,103,158606
3115,36,103,158607
3874,36,103,158608
4872,36,103,158609
7914,36,103,158704
3261,36,103,158705
1887,36,103,158707
3829,36,103,158708
2212,36,103,158709
3547,36,103,158710
5217,36,103,158711
7821,36,103,158712
4742,36,103,158802
5904,36,103,158803
7210,36,103,158804
6740,36,103,158900
5096,36,103,159000
6001,36,103,159102
5613,36,103,159103
7078,36,103,159105
6559,36,103,159106
3628,36,103,159107
7972,36,103,159108
2774,36,103,159201
5228,36,103,159203
3901,36,103,159204
2283,36,103,159300
6235,36,103,159404
4438,36,103,159406
6721,36,103,159407
4731,36,103,159408
7952,36,103,159410
3403,36,103,159411
7112,36,103,159412
7952,36,103,159505
8666,36,103,159506
7201,36,103,159508
3054,36,103,159509
193,36,103,159510
6999,36,103,159511
2614,36,103,159512
6449,36,103,159601
3873,36,103,159602
8157,36,103,169701
1764,36,103,169703
6766,36,103,169704
5684,36,103,169800
5526,36,103,169901
4609,36,103,169902
5221,36,103,170001
4275,36,103,170002
2346,36,103,170101
5780,36,103,170201
4147,36,103,170202
2604,36,103,180300
7882,36,103,190401
2756,36,103,190402
3632,36,103,190403
2780,36,103,190502
2738,36,103,190503
1967,36,103,190504
4337,36,103,190601
4609,36,103,190603
4495,36,103,190604
2499,36,103,190704
3663,36,103,190705
4953,36,103,190706
5170,36,103,190707
2165,36,103,190708
3271,36,103,190800
1221,36,103,200901
7027,36,103,200902
6764,36,103,201001
2999,36,103,201003
3157,36,103,201004
5882,36,103,201100
0,36,103,990100
3583,36,105,950100
3849,36,105,950200
1238,36,105,950300
3088,36,105,950400
3469,36,105,950500
1421,36,105,950600
5043,36,105,950700
4297,36,105,950800
3116,36,105,950900
2065,36,105,951000
3422,36,105,951100
7906,36,105,951200
4075,36,105,951300
2403,36,105,951500
2774,36,105,951600
4268,36,105,951700
6635,36,105,951800
1612,36,105,951900
2699,36,105,952000
2709,36,105,952100
1362,36,105,952200
1531,36,105,952300
2531,36,105,952400
2529,36,105,952500
6567,36,107,020100
5321,36,107,020200
6686,36,107,020300
5008,36,107,020401
4427,36,107,020402
3899,36,107,020500
7415,36,107,020600
3143,36,107,020701
4409,36,107,020702
4502,36,107,020703
1479,36,109,000100
5666,36,109,000200
1657,36,109,000300
4806,36,109,000400
4493,36,109,000500
5164,36,109,000600
4060,36,109,000700
2338,36,109,000800
3556,36,109,000900
4222,36,109,001000
4696,36,109,001100
4520,36,109,001200
6290,36,109,001300
3744,36,109,001400
5638,36,109,001500
4263,36,109,001600
4201,36,109,001700
5141,36,109,001800
5822,36,109,001900
4077,36,109,002000
4424,36,109,002100
4764,36,109,002200
5591,36,109,002300
4929,36,111,950100
4021,36,111,950200
4765,36,111,950300
4215,36,111,950400
3161,36,111,950500
2825,36,111,950600
1278,36,111,950900
4473,36,111,951000
2102,36,111,951100
4283,36,111,951200
4176,36,111,951300
3459,36,111,951400
3528,36,111,951500
2247,36,111,951600
4680,36,111,951700
1618,36,111,951800
2650,36,111,951900
2577,36,111,952000
3830,36,111,952100
4200,36,111,952200
1712,36,111,952300
2708,36,111,952400
3702,36,111,952500
5443,36,111,952600
2881,36,111,952700
3277,36,111,952800
5681,36,111,952900
1941,36,111,953000
4116,36,111,953300
4272,36,111,953400
5521,36,111,953500
5686,36,111,953600
5080,36,111,953700
3789,36,111,953800
4963,36,111,953900
4966,36,111,954000
5473,36,111,954100
5658,36,111,954200
9357,36,111,954400
4365,36,111,954500
1727,36,111,954600
2516,36,111,954700
4791,36,111,954800
1541,36,111,954900
5363,36,111,955000
2564,36,111,955300
4672,36,111,955400
2789,36,113,070100
2114,36,113,070200
3555,36,113,070300
3906,36,113,070400
2383,36,113,070500
6130,36,113,070601
1296,36,113,070602
3891,36,113,070701
4862,36,113,070702
6769,36,113,070800
4691,36,113,070900
3349,36,113,071000
3542,36,113,072000
4160,36,113,073000
1974,36,113,073500
2008,36,113,074000
3416,36,113,075000
2278,36,113,076000
2594,36,113,078000
4749,36,115,080100
2488,36,115,080200
5192,36,115,080300
6351,36,115,081000
4817,36,115,082001
1356,36,115,082002
6649,36,115,084000
2274,36,115,085000
1736,36,115,086000
3782,36,115,087000
6301,36,115,088000
4941,36,115,089000
2717,36,115,090000
1734,36,115,091000
3373,36,115,092000
1992,36,115,093000
2636,36,115,094000
5053,36,117,020101
4995,36,117,020102
4651,36,117,020201
4605,36,117,020202
3560,36,117,020301
5467,36,117,020302
3031,36,117,020401
3899,36,117,020402
4781,36,117,020500
4448,36,117,020600
3457,36,117,020700
3462,36,117,020800
5014,36,117,020900
6252,36,117,021000
5484,36,117,021100
4654,36,117,021200
3682,36,117,021400
2253,36,117,021501
4500,36,117,021502
4377,36,117,021600
4085,36,117,021700
1944,36,117,021800
0,36,117,990100
4214,36,119,000101
5187,36,119,000103
0,36,119,000104
7960,36,119,000201
3872,36,119,000202
3135,36,119,000203
4977,36,119,000300
3900,36,119,000401
5900,36,119,000402
4413,36,119,000500
6648,36,119,000600
3745,36,119,000701
4634,36,119,000702
5697,36,119,000801
2554,36,119,000802
4768,36,119,000803
3566,36,119,000900
1840,36,119,001000
2971,36,119,001101
5408,36,119,001102
4240,36,119,001200
3929,36,119,001301
3898,36,119,001302
7018,36,119,001303
3554,36,119,001401
1889,36,119,001402
3176,36,119,001403
2583,36,119,001502
2857,36,119,001503
5258,36,119,001504
1926,36,119,001505
3799,36,119,001600
7024,36,119,001700
1528,36,119,001800
1431,36,119,001900
4413,36,119,002000
3424,36,119,002101
3138,36,119,002103
5138,36,119,002104
1774,36,119,002105
2641,36,119,002106
1430,36,119,002107
2501,36,119,002201
4905,36,119,002202
1665,36,119,002203
4384,36,119,002204
3627,36,119,002300
1778,36,119,002401
3408,36,119,002402
5458,36,119,002403
2948,36,119,002404
2749,36,119,002405
3696,36,119,002600
3153,36,119,002700
2219,36,119,002800
3467,36,119,002900
2536,36,119,003000
2235,36,119,003100
2633,36,119,003200
3511,36,119,003300
4569,36,119,003400
2120,36,119,003500
3917,36,119,003600
3672,36,119,003700
3209,36,119,003800
3730,36,119,003900
7602,36,119,004000
3623,36,119,004100
4309,36,119,004200
1936,36,119,004300
3135,36,119,004400
1801,36,119,004500
2853,36,119,004600
3476,36,119,004700
6408,36,119,004800
2855,36,119,004900
3682,36,119,005001
4260,36,119,005002
3718,36,119,005100
4788,36,119,005200
4824,36,119,005300
1952,36,119,005400
5449,36,119,005500
0,36,119,005600
6041,36,119,005701
3138,36,119,005702
4129,36,119,005800
3726,36,119,005901
5354,36,119,005902
3863,36,119,006000
3498,36,119,006100
5930,36,119,006200
6700,36,119,006300
4989,36,119,006400
6084,36,119,006500
5609,36,119,006600
5855,36,119,006700
5457,36,119,006801
5450,36,119,006802
5863,36,119,006900
6035,36,119,007000
5860,36,119,007100
6066,36,119,007200
5124,36,119,007300
4684,36,119,007401
2854,36,119,007402
4561,36,119,007500
6270,36,119,007600
4666,36,119,007700
3647,36,119,007800
8209,36,119,007900
4950,36,119,008000
4483,36,119,008100
7321,36,119,008200
2447,36,119,008301
6704,36,119,008302
2080,36,119,008401
4098,36,119,008403
5142,36,119,008404
3773,36,119,008500
5294,36,119,008602
5466,36,119,008700
4228,36,119,008800
5952,36,119,008901
3764,36,119,008902
3517,36,119,009000
6086,36,119,009100
6475,36,119,009200
2574,36,119,009300
4196,36,119,009400
4684,36,119,009500
4416,36,119,009600
2944,36,119,009701
2676,36,119,009702
4369,36,119,009703
4154,36,119,009800
3076,36,119,009900
5232,36,119,010000
4647,36,119,010100
4879,36,119,010200
2903,36,119,010300
3643,36,119,010400
7139,36,119,010500
4391,36,119,010600
5719,36,119,010701
5062,36,119,010702
3190,36,119,010801
3329,36,119,010803
2422,36,119,010804
2243,36,119,010901
6229,36,119,010902
4623,36,119,010903
2658,36,119,011000
4999,36,119,011101
2868,36,119,011102
3763,36,119,011200
6419,36,119,011300
7196,36,119,011400
4004,36,119,011500
6809,36,119,011600
2837,36,119,011700
5742,36,119,011800
4123,36,119,011902
4478,36,119,012000
5470,36,119,012101
4666,36,119,012102
7015,36,119,012200
2106,36,119,012301
4967,36,119,012303
4517,36,119,012304
5001,36,119,012400
3032,36,119,012501
5521,36,119,012502
3779,36,119,012503
4484,36,119,012600
4465,36,119,012700
7080,36,119,012802
4681,36,119,012900
5972,36,119,013000
6178,36,119,013102
5305,36,119,013103
5953,36,119,013104
4281,36,119,013201
2856,36,119,013202
3188,36,119,013301
4715,36,119,013304
6503,36,119,013400
3831,36,119,013500
4854,36,119,013600
5370,36,119,013700
3328,36,119,013800
4568,36,119,013900
2352,36,119,014000
5707,36,119,014100
3876,36,119,014200
3244,36,119,014300
6430,36,119,014400
3963,36,119,014500
3348,36,119,014604
2972,36,119,014605
6163,36,119,014606
4290,36,119,014607
4996,36,119,014701
6099,36,119,014703
2324,36,119,014704
7887,36,119,014804
3802,36,119,014805
6483,36,119,014806
3104,36,119,014808
6645,36,119,014809
1961,36,119,014810
6027,36,119,014811
6399,36,119,014901
2934,36,119,014903
3980,36,119,014907
2703,36,119,014908
3931,36,119,014909
5095,36,119,015000
2295,36,119,981000
1721,36,119,982000
1367,36,119,983000
399,36,119,984000
927,36,119,985000
2828,36,121,970100
7749,36,121,970200
3360,36,121,970300
3540,36,121,970400
5134,36,121,970500
4655,36,121,970600
2892,36,121,970700
3051,36,121,970800
2216,36,121,970900
4196,36,121,971000
2746,36,121,971100
5793,36,123,150100
5797,36,123,150200
4912,36,123,150300
4135,36,123,150400
4613,36,123,150500
